종목명,ASVI_수요예측일,ASVI_공모청약일,ASVI_청약일_상장전일_기간,감성점수(평균),기관청약경쟁률,의무보유확약률(%),환율,cd유통수익률,소비자물가지수,생산자물가지수,산업생산지수,경기선행종합지수,소비자심리지수,유통가능물량(백만원),시초가 수익률,밴드수익률
유바이오로직스,0.5927168583575888,0.7969085311197035,0.0184215545088397,0.6111111111111112,31.09,0.0,1185.1,1.5,97.366,98.37,92.7,89.7,93.3,19200.0,-0.07,-0.0625
호전실업,1.0789654087940477,1.5293955124529184,-0.0370283154710541,0.625,40.43,2.5,1144.92,1.49,97.632,98.75,91.8,90.1,94.5,41616.75,-0.02,-0.2307692307692307
피씨엘,0.3891515815052511,1.171462536703891,0.1569996343381638,0.8,6.61,0.46,1144.92,1.49,97.632,98.75,91.8,90.1,94.5,12000.0,-0.03,-0.3191489361702128
모바일어플라이언스,0.9421225180764684,1.336284179569648,0.3026989546775849,0.9,471.31,19.13,1144.92,1.49,97.632,98.75,91.8,90.1,94.5,13182.0,0.69,0.0769230769230768
신신제약,0.8605272077050166,0.6728831584258956,0.0977102160896123,0.4090909090909091,40.88,0.06,1144.92,1.49,97.632,98.75,91.8,90.1,94.5,14625.0,0.37,-0.2857142857142857
에스디생명공학,1.0647991509008223,1.144393591504214,0.3400531723767447,0.5625,26.66,0.0,1134.77,1.48,97.565,98.71,102.0,90.5,97.0,57600.0,0.27,-0.2727272727272727
덴티움,0.596034626009275,0.6718697358997927,-0.098336554313739,0.5882352941176471,22.96,0.4,1134.77,1.48,97.565,98.71,102.0,90.5,97.0,81466.59,0.19,-0.3263157894736842
아스타,0.9372340194760184,1.4414464595455243,0.0581163152979516,0.5,18.4,0.0,1134.77,1.48,97.565,98.71,102.0,90.5,97.0,14000.0,0.21,-0.4838709677419355
코미코,-0.0563847662109093,0.1065343393641207,0.1198206980114757,0.8,580.68,30.91,1134.77,1.48,97.565,98.71,102.0,90.5,97.0,32500.0,1.23,0.0833333333333332
서진시스템,1.214895743008794,1.7731024979451795,0.3234914776781544,0.6428571428571429,588.93,36.65,1134.77,1.48,97.565,98.71,102.0,90.5,97.0,35750.0,0.6,0.0869565217391303
이엘피,0.7274677510462304,1.1794878186865194,0.1273618527315413,1.0,527.12,11.26,1132.73,1.43,97.442,98.5,97.1,91.0,101.8,16000.0,0.1,0.0810810810810811
와이엠티,1.2599703040522203,0.5475917053271928,0.0331439511690117,0.6666666666666666,706.16,42.75,1132.73,1.43,97.442,98.5,97.1,91.0,101.8,11815.17,0.67,0.1999999999999999
넷마블게임즈,0.139143604470731,0.7975575921540585,0.0794815345625525,0.75,240.74,47.1,1125.28,1.39,97.546,98.23,98.1,91.2,109.0,2661717.08,0.05,0.1294964028776979
ING생명보험,-0.153025177363248,0.4318773180450916,-0.3995726167532076,0.4166666666666667,3.97,0.13,1125.28,1.39,97.546,98.23,98.1,91.2,109.0,1105500.0,-0.05,-0.0769230769230768
삼양옵틱스,0.4567584551272947,1.3574523572931736,0.1911209217058408,0.5,33.2,8.7,1130.04,1.38,97.338,97.85,101.3,91.6,112.3,66800.0,0.0,-0.1045576407506702
필옵틱스,0.913039536444475,1.4428560353972544,0.029602625529297,0.6153846153846154,647.18,13.25,1130.04,1.38,97.338,97.85,101.3,91.6,112.3,55680.0,0.0,0.0786516853932584
보라티알,1.0116010866784948,1.1656231435055355,0.3185615951406327,1.0,557.61,13.3,1130.04,1.38,97.338,97.85,101.3,91.6,112.3,24134.11,0.32,0.0671641791044777
제일홀딩스,0.1839549461644614,1.5420113002244116,0.0678376946023689,0.75,113.98,2.88,1130.04,1.38,97.338,97.85,101.3,91.6,112.3,421886.7,-0.1,-0.0460829493087557
브이원텍,1.07476110314896,0.9578398135749092,0.1633063152668274,0.7,557.47,8.3,1134.4,1.39,97.499,97.92,97.3,91.9,112.5,32373.3,0.14,0.0759878419452888
아우딘퓨쳐스,0.5094062981519603,0.8955157833178884,-0.0907978728563338,0.5,182.60,0.0,1134.4,1.39,97.499,97.92,97.3,91.9,112.5,26000.0,-0.1,-0.0714285714285714
힘스,1.0509612015721408,0.9252661406183592,0.2441199608748684,0.375,729.64,27.48,1134.4,1.39,97.499,97.92,97.3,91.9,112.5,16000.0,0.62,0.1661807580174927
이즈미디어,1.053966988305183,1.0238888880721837,0.1759324628475887,0.6666666666666666,129.22,1.38,1134.4,1.39,97.499,97.92,97.3,91.9,112.5,11400.0,0.12,-0.1428571428571429
셀트리온헬스케어,0.6803786463571333,1.380959417273464,0.0670633265932346,0.7368421052631579,38.06,12.5,1134.4,1.39,97.499,97.92,97.3,91.9,112.5,1008764.0,0.06,0.1156462585034012
디앤씨미디어,0.9817688943363954,1.1784790493212305,0.3445274455305263,0.8333333333333334,539.1,33.5,1130.79,1.39,98.058,98.37,96.3,92.3,111.1,20140.0,0.62,0.0810810810810811
데이타솔루션,1.0669166933259668,1.1179922223118393,0.1759840941606469,0.6,395.83,23.09,1130.79,1.39,98.058,98.37,96.3,92.3,111.1,15180.0,1.0,0.1
지니언스,0.7360986282571136,1.1409671762187936,0.3045558342594657,0.75,620.04,14.5,1130.79,1.39,98.058,98.37,96.3,92.3,111.1,11205.0,0.49,0.0588235294117647
모트렉스,0.751987726037425,1.1154652554931448,0.2188326167295534,0.6428571428571429,357.12,11.24,1130.79,1.39,98.058,98.37,96.3,92.3,111.1,68940.0,-0.01,0.1021582733812949
알에스오토메이션,1.1513117291105406,1.254246969079745,0.2994460769798513,0.75,656.89,61.0,1130.79,1.39,98.058,98.37,96.3,92.3,111.1,14628.0,0.99,0.0666666666666666
컬러레이,1.3116331848689184,1.007246057834268,0.0086270627706539,0.6666666666666666,60.49,0.0,1130.79,1.39,98.058,98.37,96.3,92.3,111.1,53200.0,-0.04,-0.2083333333333333
이더블유케이,1.179151256958579,1.2232660613731705,0.0752890586414456,0.75,588.13,25.95,1130.79,1.39,98.058,98.37,96.3,92.3,111.1,11100.0,1.0,0.0869565217391303
덕우전자,0.9298228797821144,1.1622790299162178,0.1743729744429316,0.5833333333333334,282.69,11.35,1130.79,1.39,98.058,98.37,96.3,92.3,111.1,38750.0,0.09,0.0689655172413792
케이피에스,1.682386912080268,0.8606907122554976,-0.0438329945818705,1.0,75.3,0.0,1131.59,1.38,98.172,99.03,102.2,92.5,108.8,15109.75,-0.04,-0.2222222222222222
펄어비스,0.6061773210988228,0.2877901449580706,-0.0390186162687185,0.9090909090909092,62.40,6.22,1131.59,1.38,98.172,99.03,102.2,92.5,108.8,185400.0,-0.1,0.1256830601092895
앱클론,1.106216981183104,1.4115484844151769,0.3087815951514716,0.6666666666666666,564.87,21.72,1131.59,1.38,98.172,99.03,102.2,92.5,108.8,6807.41,1.0,0.1111111111111111
샘코,0.5593018372231047,1.0404214496291813,0.1364192050130569,0.375,19.26,0.96,1131.59,1.38,98.172,99.03,102.2,92.5,108.8,16500.0,0.09,-0.3125
엠플러스,1.06661854069315,1.0111734155679644,0.2840219815050615,0.625,596.2,27.2,1131.59,1.38,98.172,99.03,102.2,92.5,108.8,22500.0,0.57,0.1999999999999999
선익시스템,1.009865006733666,0.4475331368416499,-0.0284647944119505,0.875,7.87,0.0,1131.59,1.38,98.172,99.03,102.2,92.5,108.8,69375.0,-0.1,-0.0864197530864198
신흥에스이씨,1.464766303092051,1.0228793624676138,0.0371015748726232,1.0,482.4,33.1,1131.59,1.38,98.172,99.03,102.2,92.5,108.8,33600.0,0.84,0.28
유티아이,0.8325028154891543,0.7802523437655462,-0.1659094380156154,0.875,5.05,0.4,1131.59,1.38,98.172,99.03,102.2,92.5,108.8,28000.0,-0.1,-0.180327868852459
에스엔피월드,1.6625481195663032,1.8634840684881264,0.1484704376287064,0.1666666666666666,534.27,4.97,1131.59,1.38,98.172,99.03,102.2,92.5,108.8,10200.0,0.0,0.0851063829787233
야스,0.8206056223647566,0.4866659987167026,-0.3039990429020848,0.5434782608695652,28.90,7.15,1131.59,1.38,98.172,99.03,102.2,92.5,108.8,54050.0,-0.1,-0.06
상신전자,1.1075124835673424,1.1195425054544383,0.1100833715319197,0.3,601.54,0.0,1131.57,1.38,98.077,99.14,94.9,92.9,110.3,9310.0,0.0,0.0682730923694778
영화테크,2.285778616344537,1.237293388999802,0.5851942176866686,0.6428571428571429,61.83,0.0,1131.57,1.38,98.077,99.14,94.9,92.9,110.3,8800.0,1.0,-0.1071428571428571
티슈진,1.5685467203080543,1.0202651253100763,0.3399644584027345,0.7272727272727273,299.49,22.45,1105.04,1.45,97.347,99.04,101.0,93.1,113.6,202500.0,0.93,0.2558139534883721
테이팩스,1.619739037308297,1.000388629895686,0.2488188991048331,0.5,16.81,0.0,1131.57,1.38,98.077,99.14,94.9,92.9,110.3,38180.0,0.16,-0.0612244897959183
비디아이,1.0938526835803644,0.9961073713530312,0.4511004692907902,1.0,53.95,0.0,1105.04,1.45,97.347,99.04,101.0,93.1,113.6,13500.0,0.76,-0.0697674418604651
스튜디오드래곤,1.097053604048364,1.0719952850041323,0.3348229840167054,0.8571428571428571,536.68,27.2,1105.04,1.45,97.347,99.04,101.0,93.1,113.6,210000.0,0.58,0.062215477996965
삼양패키징,0.3226607977613716,1.00400985926002,0.1519266612136643,0.5,16.73,0.36,1105.04,1.45,97.347,99.04,101.0,93.1,113.6,119481.7,-0.01,-0.0714285714285714
비즈니스온커뮤니케이션,0.9023577482620606,1.269201874949041,0.3744684662245683,0.8333333333333334,513.97,14.9,1105.04,1.45,97.347,99.04,101.0,93.1,113.6,17082.0,0.88,0.0526315789473683
체리부로,0.5172565915156389,1.465472642517498,0.0079818253210749,0.6,265.38,0.4,1085.78,1.66,97.698,99.09,107.7,93.2,112.1,28913.92,0.07,0.0444444444444445
에스트래픽,1.5479675307263547,1.8397845311628616,0.2027574822860809,0.8333333333333334,605.02,13.4,1085.78,1.66,97.698,99.09,107.7,93.2,112.1,21300.0,1.0,0.1111111111111111
대원,0.2863280562123087,0.7365649369903391,0.2274425187334235,0.8333333333333334,247.25,0.2,1085.78,1.66,97.698,99.09,107.7,93.2,112.1,30000.0,0.07,0.0714285714285714
씨티케이코스메틱스,0.7772676493452408,1.5592860567399054,0.1195516456883617,0.5,188.65,6.6,1085.78,1.66,97.698,99.09,107.7,93.2,112.1,110000.0,-0.1,0.0891089108910891
메카로,0.97896195405897,1.4414650576617896,0.2275691978026842,0.875,719.26,42.07,1085.78,1.66,97.698,99.09,107.7,93.2,112.1,66000.0,0.3,0.1999999999999999
동양피스톤,0.0522995387365563,0.9246958309630986,-0.1068364987413145,0.6666666666666666,62.80,0.0,1085.78,1.66,97.698,99.09,107.7,93.2,112.1,18810.0,-0.1,-0.123076923076923
진에어,-0.0754855472942326,0.3012706840768047,-0.027181239002469,0.6428571428571429,274.55,7.3,1085.78,1.66,97.698,99.09,107.7,93.2,112.1,381600.0,0.0,0.0853242320819112
디바이스이엔지,0.9576090735125966,0.7098362719434737,-0.1513429955059102,0.7857142857142857,11.40,0.0,1085.78,1.66,97.698,99.09,107.7,93.2,112.1,21000.0,-0.1,-0.2727272727272727
씨앤지하이테크,0.8331042019617798,1.349525690228124,0.0844839583681977,0.3,249.23,0.0,1066.7,1.66,98.106,99.5,97.2,93.5,111.3,20608.0,0.16,-0.1111111111111111
에스지이,1.330864763043326,0.6250581574208742,-0.0081685993551164,0.8,17.03,0.0,1066.7,1.66,98.106,99.5,97.2,93.5,111.3,18795.18,-0.1,-0.1111111111111111
배럴,0.1580355295695312,0.2556701650297563,0.1756873127503432,0.6666666666666666,298.48,9.06,1079.58,1.65,98.855,99.92,91.3,93.7,109.6,16245.0,0.09,0.0857142857142856
카페24,0.2212588285205523,0.4310090724557204,-0.1628939829706442,0.7692307692307693,672.71,42.9,1079.58,1.65,98.855,99.92,91.3,93.7,109.6,51300.0,0.48,0.1399999999999999
아시아종묘,0.5924143662134087,0.9782424682927426,0.0785716430348138,0.5,239.52,4.39,1079.58,1.65,98.855,99.92,91.3,93.7,109.6,4500.0,0.0,-0.0425531914893616
알리코제약,0.4508337511126994,0.957103611852614,0.2306395775563205,0.5,389.27,9.38,1079.58,1.65,98.855,99.92,91.3,93.7,109.6,28200.0,0.51,0.0434782608695651
동구바이오제약,1.0727954302302145,0.5845613318852338,0.2583868646413296,0.6904761904761905,727.70,53.41,1079.58,1.65,98.855,99.92,91.3,93.7,109.6,33105.92,1.0,0.2075471698113207
오스테오닉,0.5781016662761358,0.5246881832488794,0.0883439233575613,0.7142857142857143,442,1.7,1079.58,1.65,98.855,99.92,91.3,93.7,109.6,9240.0,1.0,0.1578947368421053
엔지켐생명과학,0.0381447590256858,0.5091531418010287,-0.1296423294115626,0.6710526315789473,258.68,13.25,1079.58,1.65,98.855,99.92,91.3,93.7,109.6,43120.0,0.55,-0.026086956521739
에코마이스터,0.8871938081267219,0.8129641332239137,0.0826853916646403,0.5625,15.54,0.0,1071.89,1.65,98.751,99.88,101.9,94.0,109.5,6968.0,0.35,-0.2827586206896552
린드먼아시아인베스트먼트,0.8120991992107869,1.5009145039993443,0.6251421906788238,0.6428571428571429,640.8,27.4,1071.89,1.65,98.751,99.88,101.9,94.0,109.5,22087.38,1.0,0.2380952380952381
애경산업,1.0962869443779724,1.1470228473968045,0.0714597005501436,0.5961538461538461,24.30,8.51,1071.89,1.65,98.751,99.88,101.9,94.0,109.5,197880.0,-0.04,-0.0791139240506328
케어랩스,0.7677740719443498,1.0125928159529134,0.1343683476270878,0.8333333333333334,934.42,40.19,1071.89,1.65,98.751,99.88,101.9,94.0,109.5,26000.0,1.0,0.2121212121212121
제이티씨,1.2172181377426288,0.9523374275545068,0.1749049475854973,1.0,478.0,24.17,1067.76,1.65,98.931,100.01,99.7,94.0,108.5,89542.4,0.65,0.2318840579710144
제노레이,1.385492898869479,0.8810604400163573,-0.2002896999348129,0.7,907.12,32.59,1076.39,1.65,98.979,100.3,100.2,94.2,109.4,13844.67,1.0,0.2105263157894736
세종메디칼,0.9119144467940106,1.0844278652818216,0.1311039934851735,0.3333333333333333,836.68,39.75,1076.39,1.65,98.979,100.3,100.2,94.2,109.4,30450.0,0.54,0.2244897959183673
현대사료,1.044352822720131,1.260860313687346,0.7267556453968779,0.4230769230769231,839.16,31.92,1092.8,1.65,98.779,100.33,102.6,94.4,106.8,10072.79,1.0,0.0731707317073171
파워넷,1.4496512872825025,1.5904289823852058,0.3086929389565388,0.5454545454545454,590.60,7.66,1092.8,1.65,98.779,100.33,102.6,94.4,106.8,23209.86,0.55,0.0833333333333332
이리츠코크렙기업,0.0,1.165751615288209,-0.1634874371679226,0.5,6.29,0.0,1092.8,1.65,98.779,100.33,102.6,94.4,106.8,79107.35,0.0,0.0
이원다이애그노믹스,0.8996584434229571,1.0157964757614502,0.2008990285211346,0.5,749.79,27.87,1092.8,1.65,98.779,100.33,102.6,94.4,106.8,46800.0,0.38,0.25
에스브이인베스트먼트,1.3050316594801834,1.4988439899701955,0.1216431395839794,0.5,786.73,4.7,1122.8,1.65,98.59,100.8,100.0,94.6,102.1,27300.0,0.29,0.1764705882352941
아이큐어,0.7157215768503691,0.923040599026912,-0.0141252049184706,0.625,642.1,5.08,1122.8,1.65,98.59,100.8,100.0,94.6,102.1,78000.0,-0.1,0.3131313131313131
올릭스,0.6598858237652827,0.92156869409022,0.230988976194384,0.6166666666666667,876.72,74.03,1122.8,1.65,98.59,100.8,100.0,94.6,102.1,43200.0,1.0,0.2857142857142858
엠코르셋,0.8170400306776378,1.2993928901697078,0.4212009118153086,0.8,766.05,16.4,1122.8,1.65,98.59,100.8,100.0,94.6,102.1,28962.75,-0.04,0.0648148148148148
롯데정보통신,0.3833552397143354,1.2912202091679474,0.0075317619692183,0.4722222222222222,79.33,25.9,1122.8,1.65,98.59,100.8,100.0,94.6,102.1,127722.8,0.03,-0.040257648953301
한국유니온제약,1.1595413318160164,1.0319210238468624,0.2476320687513721,0.5,918.99,9.4,1122.8,1.65,98.59,100.8,100.0,94.6,102.1,27000.0,0.28,0.2203389830508475
티웨이항공,0.2623447712265676,0.1327429072229122,-0.0977270495465206,0.4827586206896552,23.03,0.0,1121.15,1.65,99.462,101.25,98.6,94.5,100.1,192000.0,-0.03,-0.2332268370607029
휴네시온,0.4728405294748334,1.0482209784459986,0.2472024692772225,0.8333333333333334,751.89,8.9,1121.15,1.65,99.462,101.25,98.6,94.5,100.1,6952.65,2.0,0.0
디아이티,0.8951738950003998,1.0241400364438586,-0.0657847275300216,1.0,105.14,6.8,1121.15,1.65,99.462,101.25,98.6,94.5,100.1,37575.0,0.05,0.0695187165775401
에스에스알,0.8984583475201142,1.1141262672761831,0.5989401306570838,0.5625,928.44,41.62,1121.15,1.65,99.462,101.25,98.6,94.5,100.1,12780.0,1.0,0.2765957446808511
바이오솔루션,1.118078787461804,0.5885143195785814,-0.1203215068866936,0.72,174.79,5.04,1121.15,1.65,99.462,101.25,98.6,94.5,100.1,43500.0,-0.03,0.0943396226415094
오파스넷,1.3719432329464394,0.6247234043103074,0.0992529620069498,1.0,861.66,14.22,1121.15,1.65,99.462,101.25,98.6,94.5,100.1,11088.0,0.64,0.2087912087912087
에이피티씨,1.059743608625059,0.8969144339281665,0.0541948821850904,0.717391304347826,20.99,8.7,1121.15,1.65,99.462,101.25,98.6,94.5,100.1,20700.0,0.03,-0.2653061224489795
액트로,1.0672196454776173,1.0152484558870531,0.1404944662311087,0.6111111111111112,132.07,1.86,1121.15,1.65,99.462,101.25,98.6,94.5,100.1,24000.0,0.03,-0.0909090909090909
디지캡,1.0538863723764935,1.000420338893086,-0.0440636919944849,0.625,979.06,4.18,1120.6,1.65,100.221,101.54,97.8,94.6,101.0,7013.35,0.1,0.263157894736842
명성티엔에스,0.4381864795152559,1.7606158721658027,0.2709074225799635,0.6875,745.56,11.73,1120.6,1.65,100.221,101.54,97.8,94.6,101.0,32000.0,0.1,0.1494252873563217
우진아이엔에스,1.289130808962558,0.9356671225220824,-0.0355813225557668,0.5714285714285714,129.06,0.77,1120.6,1.65,100.221,101.54,97.8,94.6,101.0,31500.0,0.01,-0.0625
지티지웰니스,0.6202084774491987,1.075439317953666,0.5414852083536688,0.5833333333333334,946.89,4.22,1120.6,1.65,100.221,101.54,97.8,94.6,101.0,8800.0,0.39,0.1702127659574468
하나제약,0.7192811025682069,1.1181355329953455,0.3239997703534151,0.7272727272727273,101.50,0.1,1130.81,1.68,100.041,101.19,102.2,94.7,100.2,106117.96,0.16,-0.0095238095238094
나우아이비캐피탈,0.0,1.0185697502253568,0.2272455080271769,1.0,63.17,0.0,1130.81,1.68,100.041,101.19,102.2,94.7,100.2,21250.0,0.09,-0.1707317073170732
크리스에프앤씨,1.1165501646941585,0.7361167920595371,0.1416082622048798,0.625,7.89,0.0,1130.81,1.68,100.041,101.19,102.2,94.7,100.2,105480.0,-0.1,-0.1689750692520776
푸드나무,1.7088552902405474,1.0507970281342622,0.3325756278885489,0.6875,791.08,16.5,1130.81,1.68,100.041,101.19,102.2,94.7,100.2,37339.44,0.81,0.1594202898550725
에스퓨얼셀,1.2258255116007883,1.6565690909814808,0.2634040723837539,0.875,942.85,40.5,1130.81,1.68,100.041,101.19,102.2,94.7,100.2,31185.0,1.0,0.3414634146341464
옵티팜,0.6999167424265149,1.275520916932615,-0.0200660052631565,0.8333333333333334,94.57,11.6,1130.81,1.68,100.041,101.19,102.2,94.7,100.2,29458.9,-0.1,-0.0909090909090909
로보티즈,0.8064408584797138,0.8310510901475969,-0.0675586572701506,0.5,958.60,39.8,1130.81,1.68,100.041,101.19,102.2,94.7,100.2,23800.0,1.0,0.3658536585365854
노바텍,1.3862945611199105,1.080438691693375,0.275193089638733,0.4166666666666667,66.32,0.03,1128.58,1.71,99.33,100.49,101.3,94.7,96.6,14500.0,0.41,-0.3103448275862068
엘앤씨바이오,0.886050928058097,0.752116385834741,0.1815013271881886,0.5,937.08,17.27,1128.58,1.71,99.33,100.49,101.3,94.7,96.6,24000.0,0.24,0.263157894736842
대보마그네틱,2.211460022190403,0.4472555401627067,0.1466536500084153,0.375,995.40,45.41,1128.58,1.71,99.33,100.49,101.3,94.7,96.6,25420.0,0.94,0.2916666666666667
셀리버리,0.9701665945970316,0.6358290072599964,0.2349786096015435,0.4642857142857143,698.98,16.8,1128.58,1.71,99.33,100.49,101.3,94.7,96.6,28500.0,0.28,0.1111111111111111
노바렉스,0.5547358019595166,1.1612973285637689,0.2005359793089555,0.5,48.64,18.99,1128.58,1.71,99.33,100.49,101.3,94.7,96.6,18240.0,0.34,-0.1162790697674418
디케이앤디,1.421696486369024,1.885806227485608,0.1774030012278435,0.7857142857142857,256.3,0.0,1128.58,1.71,99.33,100.49,101.3,94.7,96.6,10800.0,0.26,-0.032258064516129
파멥신,1.1346653600999548,0.1294375795749962,-0.1536655417172475,0.5625,764.16,18.81,1128.58,1.71,99.33,100.49,101.3,94.7,96.6,48000.0,-0.03,0.2244897959183673
디알젬,0.7533158500884243,0.8577474510164618,0.0260173581653915,0.6666666666666666,785.43,1.05,1128.58,1.71,99.33,100.49,101.3,94.7,96.6,9750.0,0.3,0.0833333333333332
싸이토젠,1.427713408840941,0.7261535031248969,-0.0292759330161235,0.5294117647058824,608.85,0.7,1128.58,1.71,99.33,100.49,101.3,94.7,96.6,20400.0,0.05,0.1333333333333333
아주IB투자,0.9258519197032916,0.3355954781840093,-0.181900357725853,0.5,40.55,0.0,1128.58,1.71,99.33,100.49,101.3,94.7,96.6,36600.0,-0.1,-0.3181818181818182
아시아나IDT,0.5178678972718194,0.9321212509476662,0.0804187865491473,0.3666666666666666,7.04,0.0,1128.58,1.71,99.33,100.49,101.3,94.7,96.6,49500.0,-0.05,-0.3087557603686636
티앤알바이오팹,1.0891208749825063,1.2194428508196786,0.0200150538325793,0.5,101.9,1.0,1128.58,1.71,99.33,100.49,101.3,94.7,96.6,21600.0,-0.1,-0.1219512195121951
남화산업,1.4672012087214767,0.8147862536820822,-0.0201352089803627,0.6111111111111112,822.09,6.14,1128.58,1.71,99.33,100.49,101.3,94.7,96.6,11425.6,0.52,0.0882352941176469
티로보틱스,1.1788092457374724,0.9825553934638722,-0.0707766697994395,0.7777777777777778,56.9 ,0.0,1128.58,1.71,99.33,100.49,101.3,94.7,96.6,12800.0,-0.1,-0.0588235294117647
네오펙트,1.1012755820876086,0.6820514663048955,0.047086611378785,0.6,338.01,0.89,1128.58,1.71,99.33,100.49,101.3,94.7,96.6,19800.0,-0.1,-0.0222222222222222
엠아이텍,0.7672552911752146,1.0407091687655423,0.0227869967113781,0.8,472.57,0.42,1128.58,1.71,99.33,100.49,101.3,94.7,96.6,31500.0,-0.1,0.0714285714285714
에코캡,1.005411605014353,0.355123362549639,0.0844466534964921,0.5,20.66,0.0,1122.9,1.91,98.988,100.0,108.2,94.7,97.8,16800.0,-0.02,-0.1063829787234043
베스파,0.3024621618343772,0.4946961755689711,-0.0322296007512971,0.8,24.81,0.0,1122.9,1.91,98.988,100.0,108.2,94.7,97.8,56000.0,-0.05,-0.3301435406698564
윙입푸드,0.6678293980884793,0.7299081613367804,-0.0399624363430574,0.2142857142857142,131.15,0.0,1128.58,1.71,99.33,100.49,101.3,94.7,96.6,20400.0,-0.1,-0.1999999999999999
대유에이피,1.3387009127292293,0.7478401822503402,0.1839639468128493,0.7,299.23,0.0,1122.9,1.91,98.988,100.0,108.2,94.7,97.8,8400.0,1.0,0.0169491525423728
이노메트리,1.561181223870812,0.8609772480380964,0.3287303806394781,0.6666666666666666,765.22,11.39,1122.9,1.91,98.988,100.0,108.2,94.7,97.8,31363.2,0.54,0.1304347826086955
전진바이오팜,0.780001115398786,0.8028032422129447,0.0410265299293212,0.6363636363636364,14.69,27.2,1122.9,1.91,98.988,100.0,108.2,94.7,97.8,5000.0,0.16,-0.375
머큐리,0.0850080817429148,0.2952778333876926,0.0791932814914717,0.5625,749.57,13.35,1122.9,1.91,98.988,100.0,108.2,94.7,97.8,31232.0,0.58,0.0796460176991149
에이비엘바이오,0.1665138589307746,0.3582514667531065,-0.0612336274342522,0.5952380952380952,60.08,10.99,1122.9,1.91,98.988,100.0,108.2,94.7,97.8,90000.0,-0.1,0.0
위지윅스튜디오,0.5067188341660991,0.7991654680577991,0.1467713574630124,0.8333333333333334,177.33,1.13,1122.9,1.91,98.988,100.0,108.2,94.7,97.8,24194.66,0.02,0.0
디케이티,1.0013490978543411,0.8920383381170964,0.1837170830823363,0.5833333333333334,771.42,3.5,1122.9,1.91,98.988,100.0,108.2,94.7,97.8,14943.56,0.74,0.1044776119402985
유틸렉스,0.9548018568446892,1.3680083735365909,0.2312236451929643,0.5333333333333333,597.20,18.63,1122.9,1.91,98.988,100.0,108.2,94.7,97.8,36350.0,0.2,0.1363636363636364
비피도,0.6198159599996496,0.8376768688299476,0.2401446358469939,0.3529411764705882,74.62,0.0,1122.9,1.91,98.988,100.0,108.2,94.7,97.8,7380.02,1.0,-0.2913385826771654
에어부산,-0.0266327316950025,0.3191378424441371,-0.0194699485280942,0.5172413793103449,23.89,0.4,1122.9,1.91,98.988,100.0,108.2,94.7,97.8,18745.2,0.12,-0.0526315789473684
웹케시,0.7358117048294126,0.6648891268376969,-0.0727435369185443,0.8333333333333334,614.0,6.8,1122.0,1.87,98.884,99.89,98.3,94.9,98.5,25220.0,0.22,0.04
이노테라피,0.8577515772511859,0.7347192479812255,0.0444173896299115,0.5625,154.44,2.83,1122.45,1.87,99.311,99.99,89.6,95.0,100.6,9000.0,0.23,-0.2070484581497798
천보,1.1363795785528867,0.7863879929826498,0.1792423757667455,0.6,891.1,15.8,1122.45,1.87,99.311,99.99,89.6,95.0,100.6,100000.0,0.31,0.0666666666666666
셀리드,0.7934699624893238,1.40714350282339,0.1589070560139376,0.6666666666666666,778.77,10.49,1122.45,1.87,99.311,99.99,89.6,95.0,100.6,39600.0,0.33,0.1785714285714286
에코프로비엠,0.8953745091692924,0.8775131547023891,-0.0504261870960304,0.8888888888888888,988.49,45.04,1130.72,1.9,99.121,100.34,101.4,95.4,100.8,144000.0,0.27,0.1940298507462685
드림텍,0.8617163760604476,0.8328854532152334,0.1002760489795914,0.625,395.96,0.8,1130.72,1.9,99.121,100.34,101.4,95.4,100.8,59092.1,0.33,0.0833333333333332
이지케어텍,0.7642628034903751,0.8550360732784621,0.3207582853197873,0.8125,1108.03,40.25,1130.72,1.9,99.121,100.34,101.4,95.4,100.8,15990.0,1.0,0.0982142857142858
지노믹트리,0.6875043481258807,0.676702931405949,0.0258180115808224,1.0,372.0,22.8,1130.72,1.9,99.121,100.34,101.4,95.4,100.8,108000.0,0.09,0.2857142857142858
현대오토에버,0.8620302003421432,1.4117777016851225,0.0375208229258672,0.7916666666666666,797.36,57.79,1130.72,1.9,99.121,100.34,101.4,95.4,100.8,168480.0,0.57,0.1428571428571428
아모그린텍,1.0419653556121582,0.9792817842926268,0.1196320496050022,0.5454545454545454,164.22,3.05,1130.72,1.9,99.121,100.34,101.4,95.4,100.8,40867.2,0.04,0.0588235294117647
에스앤케이,0.7144571333005558,1.5722016188626653,0.0613269196169175,0.5625,317.30,11.59,1183.29,1.84,99.652,100.74,102.1,95.7,98.9,169680.0,-0.1,0.1348314606741574
컴퍼니케이파트너스,1.0494222044773505,1.3641206255554,0.2841933869068317,0.7222222222222222,865.66,27.8,1183.29,1.84,99.652,100.74,102.1,95.7,98.9,18000.0,0.82,0.1842105263157893
수젠텍,0.7028092079765429,0.4159539948314008,-0.3142447140574922,0.7222222222222222,75.21,3.15,1183.29,1.84,99.652,100.74,102.1,95.7,98.9,18000.0,-0.07,-0.0769230769230768
마이크로디지탈,0.9641623867524268,1.1039457362477552,0.5351936413163362,0.5,621.48,2.29,1175.62,1.8,99.491,100.46,102.0,95.7,98.6,16100.0,0.78,0.069767441860465
까스텔바쟉,0.8383292654044459,1.4452175312265676,0.1480065466717734,0.7222222222222222,32.53,3.86,1175.62,1.8,99.491,100.46,102.0,95.7,98.6,28350.0,0.42,-0.3142857142857143
압타바이오,1.0351947706197824,0.9984665463365155,0.3765306817817089,0.4736842105263157,856.41,35.1,1175.62,1.8,99.491,100.46,102.0,95.7,98.6,65400.0,0.67,0.3043478260869565
에이에프더블류,1.1939226434724497,0.8844721063170411,0.0241474272998707,0.5,866.03,13.72,1175.31,1.68,99.187,100.46,101.4,95.7,97.0,88236.0,0.24,0.0714285714285714
펌텍코리아,0.3947861813593212,1.4414005047790046,0.0440124947789078,0.6111111111111112,5.75,0.0,1175.31,1.68,99.187,100.46,101.4,95.7,97.0,121600.0,-0.1,-0.2549019607843137
아이스크림에듀,0.7092910951157521,1.3371551150294994,0.0792521074959286,0.5,124.73,1.34,1175.31,1.68,99.187,100.46,101.4,95.7,97.0,23055.0,-0.1,-0.0619469026548672
세틀뱅크,0.4044248500303755,0.6663359358077012,-0.1074062336013617,0.6875,1122.0,14.8,1175.31,1.68,99.187,100.46,101.4,95.7,97.0,79585.0,-0.1,0.1827956989247312
플리토,0.791208511311924,0.7930414412265034,0.1662405099551676,0.6153846153846154,1133.0,22.0,1175.31,1.68,99.187,100.46,101.4,95.7,97.0,38310.64,0.22,0.2380952380952381
에이스토리,0.9525861379135256,1.3542198908747485,0.2396003280838136,0.5625,614.25,3.56,1175.31,1.68,99.187,100.46,101.4,95.7,97.0,26741.0,-0.1,0.1042471042471042
대모,-0.2381252065641246,-0.0244245024622484,0.2621511539149049,0.6666666666666666,1103.1,15.6,1175.31,1.68,99.187,100.46,101.4,95.7,97.0,11180.0,0.68,0.04
윌링스,0.732062660301684,1.388617457419774,0.3114534450502588,0.6666666666666666,1082.15,18.18,1175.31,1.68,99.187,100.46,101.4,95.7,97.0,17275.0,0.82,0.1111111111111111
세경하이테크,0.6013396606494101,0.8979147344757479,0.1814015022133293,0.6818181818181818,10.71,0.0,1175.31,1.68,99.187,100.46,101.4,95.7,97.0,35000.0,-0.05,-0.2857142857142857
한국바이오젠,1.197393992244299,1.392069404629248,0.2900113406248015,0.6428571428571429,1087.6,0.0,1208.98,1.49,99.425,100.69,99.2,95.9,93.5,10707.0,1.0,0.1538461538461537
덕산테코피아,1.6613980080315414,0.6645739123412464,-0.0806385072311575,0.5,348.63,7.17,1208.98,1.49,99.425,100.69,99.2,95.9,93.5,77175.09,-0.1,0.0555555555555555
슈프리마아이디,1.0986123886681145,1.0454498397388077,0.2276569157292263,0.6111111111111112,1124.05,13.14,1208.98,1.49,99.425,100.69,99.2,95.9,93.5,23328.0,0.29,0.08
그린플러스,0.7143345561776862,0.8942562832196006,-0.108075427500391,0.75,863.94,5.85,1208.98,1.49,99.425,100.69,99.2,95.9,93.5,7000.0,0.12,0.0810810810810811
코윈테크,1.0077739563224073,0.6725279260102712,0.0376035443685265,0.4166666666666667,163.54,0.9,1208.98,1.49,99.425,100.69,99.2,95.9,93.5,69000.0,-0.1,0.09697933227345
에스피시스템스,1.1066124548291691,0.8814747775586902,0.4569343828375032,0.5,1116.32,13.68,1208.98,1.49,99.425,100.69,99.2,95.9,93.5,9800.0,1.0,0.0652173913043479
나노브릭,0.8264239770253918,0.6988845240358632,-0.084964474079564,0.4807692307692308,39.3,0.0,1208.98,1.49,99.425,100.69,99.2,95.9,93.5,7296.0,-0.1,-0.1999999999999999
마니커에프앤지,1.3269948521719592,0.6713856887784324,0.2181239887052122,0.6666666666666666,1056.91,5.43,1208.98,1.49,99.425,100.69,99.2,95.9,93.5,10400.0,1.0,0.0810810810810811
네오크레마,1.0986123886681145,1.0607132177300365,0.2183597807344755,0.5714285714285714,96.6,0.0,1208.98,1.49,99.425,100.69,99.2,95.9,93.5,12400.0,0.19,-0.2558139534883721
한독크린텍,1.4256869610448564,1.2079149855732862,0.2088672316933618,0.5,1117.61,8.77,1197.55,1.54,99.794,100.75,99.0,96.2,98.0,10570.0,0.62,0.0633802816901407
라닉스,0.9777759191833773,0.8349091516598293,-0.1580762054646291,0.5833333333333334,51.68,0.0,1197.55,1.54,99.794,100.75,99.0,96.2,98.0,9600.0,0.18,-0.3513513513513513
올리패스,0.4231547004359841,0.7846479059793721,-0.0653708067642132,0.6666666666666666,11.07,0.4,1197.55,1.54,99.794,100.75,99.0,96.2,98.0,16000.0,0.53,-0.5121951219512195
녹십자웰빙,0.4198539325167889,0.6905748917333381,0.194628436025751,0.5416666666666666,657.93,4.49,1184.13,1.46,100.041,100.51,102.9,96.8,99.7,50850.0,0.05,0.0917874396135265
아톤,1.192497893661144,0.9963185959078588,0.1727565602154509,0.75,810.88,9.5,1184.13,1.46,100.041,100.51,102.9,96.8,99.7,38579.08,0.07,0.1780821917808219
라온피플,0.6950393696210746,0.8452102576136569,0.2235845130853622,0.6666666666666666,330.36,1.5,1184.13,1.46,100.041,100.51,102.9,96.8,99.7,28329.7,-0.05,-0.0967741935483871
팜스빌,1.0203601369296529,1.2950599304538195,0.4001237830933674,0.5714285714285714,1035.53,7.05,1184.13,1.46,100.041,100.51,102.9,96.8,99.7,25357.5,0.2,0.1200000000000001
엔바이오니아,1.231185569000266,1.105852334663663,0.2061481006010264,0.5,425.80,3.8,1184.13,1.46,100.041,100.51,102.9,96.8,99.7,9102.0,0.3,-0.1135135135135134
케이엔제이,1.432103981526188,1.2987694578926727,0.1556248827333545,0.6875,1144.3,5.5,1184.13,1.46,100.041,100.51,102.9,96.8,99.7,9630.19,0.43,0.134020618556701
지누스,0.7633453574219002,0.3157099423544047,-0.1335792599221606,0.9285714285714286,45.68,13.73,1184.13,1.46,100.041,100.51,102.9,96.8,99.7,211460.2,0.05,-0.1764705882352941
캐리소프트,0.8095907761668006,1.0199320344356484,0.5083199453452474,0.5,924.83,2.7,1184.13,1.46,100.041,100.51,102.9,96.8,99.7,8190.0,0.34,0.125
미디어젠,1.325931232313302,0.4376877767934726,-0.0284592419785222,0.5,576.27,1.88,1167.45,1.52,99.481,100.37,103.4,97.4,102.0,9858.0,0.06,0.06
티라유텍,1.0463440372057016,1.0640803256253475,0.1459423910598793,0.625,1240.9,11.9,1184.13,1.46,100.041,100.51,102.9,96.8,99.7,13556.25,1.0,-0.2375589230915246
자이에스앤디,0.5698786842570875,1.1146238421741803,0.2847600927298968,0.75,768.58,5.1,1167.45,1.52,99.481,100.37,103.4,97.4,102.0,45760.0,0.28,0.1063829787234043
아이티엠반도체,1.0962655444276406,1.1560005936368811,0.1454268242732626,0.9,1078.5,15.8,1167.45,1.52,99.481,100.37,103.4,97.4,102.0,131300.0,0.03,0.0612244897959184
라파스,0.769088385905421,0.4453110435950211,0.176141823253687,0.7333333333333333,202.06,0.0,1167.45,1.52,99.481,100.37,103.4,97.4,102.0,32000.0,-0.0,-0.2452830188679244
한화시스템,0.5855913763123723,1.1641404193076783,0.1269216297499864,0.7272727272727273,23.61,4.24,1167.45,1.52,99.481,100.37,103.4,97.4,102.0,402552.44,-0.05,-0.0666666666666666
제테마,0.730979793570155,0.8910495761202695,-0.0901722043875541,0.6842105263157895,12.41,0.0,1167.45,1.52,99.481,100.37,103.4,97.4,102.0,20160.0,1.07,-0.5
현대에너지솔루션,1.0819150663900765,2.0690877278804245,0.1971974394590125,0.8333333333333334,26.63,3.07,1167.45,1.52,99.481,100.37,103.4,97.4,102.0,72000.0,0.01,-0.3076923076923077
에스제이그룹,1.166232673873972,1.6276861534148614,0.4242425029750772,0.7142857142857143,946.62,13.56,1167.45,1.52,99.481,100.37,103.4,97.4,102.0,31652.0,0.13,0.093484419263456
우양,0.7015506913563296,1.1971272884262465,0.4279834842221603,0.3333333333333333,1195.37,0.0,1167.45,1.52,99.481,100.37,103.4,97.4,102.0,15120.0,0.44,0.05
씨에스베어링,1.1993380613593931,1.251852807817288,0.1158392722789467,0.5,1246.86,4.65,1167.45,1.52,99.481,100.37,103.4,97.4,102.0,19992.0,0.0,0.0632911392405062
코리아에셋투자증권,0.6850170606388044,0.7178399531503294,0.0394302698795873,0.5,945.66,2.25,1167.45,1.52,99.481,100.37,103.4,97.4,102.0,16000.0,-0.01,0.1111111111111111
티움바이오,1.577498451065948,1.0936414637147016,0.2356846940040142,0.9,37.3,0.0,1167.45,1.52,99.481,100.37,103.4,97.4,102.0,30000.0,-0.02,-0.3333333333333333
센트랄모텍,1.1584127720549322,1.371109043878874,0.3223099654529937,0.8,862.63,0.0,1167.45,1.52,99.481,100.37,103.4,97.4,102.0,12600.0,0.27,0.0909090909090908
노터스,0.6287975522615028,1.0433168958044403,0.2563340039685678,0.65,699.46,0.59,1167.45,1.52,99.481,100.37,103.4,97.4,102.0,10000.0,0.49,0.0810810810810811
코리아센터,0.6608430240408398,1.533121291855267,0.4227331340952818,0.75,37.77,6.04,1167.45,1.52,99.481,100.37,103.4,97.4,102.0,45818.82,0.28,-0.296875
리메드,0.6904699674951247,1.4434530337834015,0.3720383157184833,0.625,24.76,0.0,1175.84,1.53,99.719,100.65,112.9,98.0,101.5,7800.0,0.08,-0.1612903225806451
태웅로직스,0.6767265239060927,1.3674007743268397,0.2929425016948011,0.5833333333333334,1024.98,2.53,1175.84,1.53,99.719,100.65,112.9,98.0,101.5,22500.0,0.82,0.0975609756097561
제이엘케이인스펙션,1.598469041063539,1.090180684754515,0.1933326615628692,0.7,69.81,0.0,1175.84,1.53,99.719,100.65,112.9,98.0,101.5,18000.0,-0.06,-0.2941176470588235
신테카바이오,0.835162476683815,0.5261679679303892,0.3122148694501331,0.4807692307692308,75.61,1.32,1175.84,1.53,99.719,100.65,112.9,98.0,101.5,19200.0,0.25,-0.2941176470588235
메탈라이프,0.8033313111655036,1.3842656204066817,0.3703665090504781,0.75,1288.2,22.46,1175.84,1.53,99.719,100.65,112.9,98.0,101.5,9100.0,1.0,0.1063829787234043
브릿지바이오테라퓨틱스,0.6685414010077455,1.4119006209588267,0.4517117856667148,0.9444444444444444,58.85,0.06,1175.84,1.53,99.719,100.65,112.9,98.0,101.5,42000.0,0.04,-0.1999999999999999
피피아이,0.843429518744427,0.7228834535484907,0.0923031400326661,0.8,997.33,2.47,1175.84,1.53,99.719,100.65,112.9,98.0,101.5,7000.0,0.57,0.0769230769230768
천랩,0.5600072020279248,1.436365665599221,0.1710871504432973,0.6363636363636364,51.11,0.0,1175.84,1.53,99.719,100.65,112.9,98.0,101.5,17200.0,0.07,-0.4326241134751772
위세아이텍,0.6769306816248579,1.1095497287613645,0.4227802651628375,0.8333333333333334,1105.93,6.95,1193.79,1.42,100.16,100.69,94.3,98.7,98.0,10200.0,0.16,0.1320754716981131
서남,1.136085210099583,1.0532757958473984,0.3249064600052905,0.3571428571428571,1228.4,5.21,1193.79,1.42,100.16,100.69,94.3,98.7,98.0,10850.0,0.26,0.0689655172413792
레몬,0.3334027124344461,0.2683358237902933,0.1057608670415204,0.7068965517241379,426.0,6.3,1193.79,1.42,100.16,100.69,94.3,98.7,98.0,29520.0,0.2,0.0746268656716417
제이앤티씨,0.7359948712513349,0.8814748982815908,0.2607713479979699,0.75,1077.88,6.72,1220.09,1.23,99.94,99.8,102.0,98.5,79.7,121000.0,-0.07,0.1578947368421053
서울바이오시스,0.1403997239985264,0.6721100214941451,0.2443215204069398,0.5,1119.0,10.5,1220.09,1.23,99.94,99.8,102.0,98.5,79.7,15000.0,0.73,0.0714285714285714
플레이디,0.6281424243768261,1.14368486663222,0.3385109008707713,0.375,1270.7,7.55,1220.09,1.23,99.94,99.8,102.0,98.5,79.7,31359.22,0.32,0.1724137931034481
엔피디,0.7988355257224629,1.757289639053191,0.3693530494848118,0.2777777777777778,307.50,8.78,1220.09,1.23,99.94,99.8,102.0,98.5,79.7,40770.0,-0.1,-0.0769230769230768
드림씨아이에스,1.265023371010674,1.5731720412990675,0.5743898776299117,0.4642857142857143,926.11,6.82,1228.67,1.02,99.44,98.96,95.8,98.5,78.8,20186.31,0.88,0.0681003584229391
에스씨엠생명과학,1.3585150052320143,1.0913308130726684,0.5186756405115972,0.5833333333333334,1032.17,7.7,1210.01,0.79,99.71,99.47,102.3,99.0,83.1,30600.0,0.74,0.096774193548387
엘이티,1.0871354008239225,1.060715095211516,0.4580529021922887,0.5,1255.9,24.5,1210.01,0.79,99.71,99.47,102.3,99.0,83.1,17136.6,1.0,0.0985915492957747
젠큐릭스,0.9214498924859092,0.6982376057077704,0.0525554115749471,0.6666666666666666,77.03,0.0,1210.01,0.79,99.71,99.47,102.3,99.0,83.1,22700.0,0.11,-0.069672131147541
마크로밀엠브레인,1.0521599980537766,2.740143991212179,0.3899186457065309,0.6666666666666666,1056.80,19.39,1198.9,0.79,99.63,99.69,99.0,99.6,85.4,9520.0,1.0,0.1724137931034481
SK바이오팜,1.3159076936557113,1.031802458282387,0.0125606252570352,0.9,835.66,81.15,1198.9,0.79,99.63,99.69,99.0,99.6,85.4,959337.19,1.0,0.1529411764705881
신도기연,1.7125709108515754,2.728204440206577,0.5475119555619072,0.6666666666666666,1272.90,14.51,1198.9,0.79,99.63,99.69,99.0,99.6,85.4,20800.0,1.0,0.0666666666666666
위더스제약,1.0291427108236908,3.259367144900624,0.3810754361810003,0.6785714285714286,1033.41,17.36,1198.9,0.79,99.63,99.69,99.0,99.6,85.4,25440.0,1.0,0.0671140939597314
소마젠,0.8939555299404067,0.3635699746424841,0.0307515180761398,0.6923076923076923,69.46,0.0,1198.9,0.79,99.63,99.69,99.0,99.6,85.4,46200.0,0.06,-0.1538461538461538
에이프로,1.4208849777325026,3.109903713879266,0.20335096104764,0.7777777777777778,1090.80,10.46,1198.9,0.79,99.63,99.69,99.0,99.6,85.4,29547.01,1.0,0.0640394088669951
티에스아이,0.9070044828606676,1.95330839873973,0.100174823666494,0.875,1283.73,4.97,1198.9,0.79,99.63,99.69,99.0,99.6,85.4,18470.0,1.0,0.1764705882352941
솔트룩스,1.072966471984555,1.4890835188871585,0.2164081014469156,1.0,528.17,5.58,1198.9,0.79,99.63,99.69,99.0,99.6,85.4,18750.0,0.6,-0.074074074074074
제놀루션,0.6648346088104349,1.5173551804778538,0.0275499304580408,0.75,1161.09,21.36,1198.9,0.79,99.63,99.69,99.0,99.6,85.4,11200.0,1.0,0.0769230769230768
더네이쳐홀딩스,0.6710342339646496,1.418583695874598,0.087382846719202,0.5833333333333334,97.21,8.46,1198.9,0.79,99.63,99.69,99.0,99.6,85.4,55200.0,-0.1,-0.031578947368421
엠투아이,0.453917546813261,0.9090356140050324,-0.0743161764009999,0.7727272727272727,61.70,1.6,1198.9,0.79,99.63,99.69,99.0,99.6,85.4,52026.0,0.21,-0.0956521739130434
와이팜,1.3663329229054204,2.535176257794976,0.1252725860212551,0.875,407.01,8.01,1198.9,0.79,99.63,99.69,99.0,99.6,85.4,81710.99,0.41,0.0628019323671498
이엔드디,0.3828126483858467,1.1584874601426227,-0.2150452442802302,0.8928571428571429,1168.72,8.99,1198.9,0.79,99.63,99.69,99.0,99.6,85.4,33696.0,0.26,0.0766355140186916
이루다,0.5775707554566809,1.2683680468394902,0.3127047926661949,0.7142857142857143,1316.5,7.8,1186.85,0.68,100.19,100.18,95.3,100.4,89.3,13500.0,1.0,0.0909090909090908
한국파마,0.8510553442294602,1.1947379108552214,0.144500819966961,0.7692307692307693,1296.86,0.0,1186.85,0.68,100.19,100.18,95.3,100.4,89.3,29187.0,1.0,0.1999999999999999
영림원소프트랩,0.774791169600455,1.8748657899754204,0.0673120224018193,0.625,1269.3,4.3,1186.85,0.68,100.19,100.18,95.3,100.4,89.3,19550.0,0.53,0.0952380952380953
브랜드엑스코퍼레이션,0.4528318234819097,1.010180042344098,-0.0107673840885517,0.7,47.06,0.0,1186.85,0.68,100.19,100.18,95.3,100.4,89.3,49363.72,-0.01,-0.0613718411552346
미투젠,1.2329918122826324,2.081180153893393,0.003023289156321,0.7,1114.56,1.35,1186.85,0.68,100.19,100.18,95.3,100.4,89.3,86378.4,0.08,0.125
셀레믹스,0.4728062462935756,1.3071621601394887,-0.2100338601663875,0.6666666666666666,1203.41,5.41,1186.85,0.68,100.19,100.18,95.3,100.4,89.3,26400.0,0.25,0.10803324099723
아이디피,1.1942708541516782,1.336002831108675,-0.0178855090473357,0.7142857142857143,894,7.4,1186.85,0.68,100.19,100.18,95.3,100.4,89.3,15680.0,0.35,0.053763440860215
피엔케이피부임상연구센타,1.243320192168783,1.4512899466954994,0.0344253447333355,0.8333333333333334,1372.51,17.1,1178.8,0.63,100.74,100.38,101.7,101.1,80.7,40863.9,0.53,0.0639534883720929
이오플로우,1.1172290603690538,1.459945852861266,0.1320077891143087,0.7272727272727273,150.87,14.83,1178.8,0.63,100.74,100.38,101.7,101.1,80.7,26600.0,0.14,-0.0256410256410256
압타머사이언스,2.265482005042544,1.2748397522261636,-0.019075368441036,0.6842105263157895,830.32,3.27,1178.8,0.63,100.74,100.38,101.7,101.1,80.7,32500.0,0.15,0.1111111111111111
핌스,1.3843879794207568,1.4452067122088983,-0.0469841374348654,0.875,1210.28,4.39,1178.8,0.63,100.74,100.38,101.7,101.1,80.7,38000.0,0.11,0.1176470588235294
비비씨,1.586426468313412,1.3013460441091151,0.0383507825207124,0.5909090909090909,977.5,3.9,1178.8,0.63,100.74,100.38,101.7,101.1,80.7,36840.0,-0.1,0.0622837370242215
박셀바이오,2.26954546266587,0.8219395344737759,-0.2599869263860316,0.8055555555555556,94.18,11.68,1178.8,0.63,100.74,100.38,101.7,101.1,80.7,29554.8,-0.1,-0.0769230769230768
비나텍,0.219696416075827,1.2985754678123025,-0.0648882934214635,0.7142857142857143,1098.10,22.47,1178.8,0.63,100.74,100.38,101.7,101.1,80.7,19800.0,0.33,0.11864406779661
원방테크,1.0208980590274472,1.1138088740806515,-0.2645066644743952,0.75,406.8,3.2,1178.8,0.63,100.74,100.38,101.7,101.1,80.7,69651.48,-0.1,0.1161356628982528
넥스틴,0.1498829728604223,3.0035840179808466,-0.009213135181991,0.6,30.25,23.3,1144.68,0.63,100.18,99.98,99.5,101.7,92.7,24128.0,-0.06,0.1015339663988312
피플바이오,0.7270150776295354,2.55231841474006,0.4192276655914673,0.6379310344827587,40.4,0.0,1144.68,0.63,100.18,99.98,99.5,101.7,92.7,10000.0,-0.1,-0.2727272727272727
미코바이오메드,1.6011225808303862,1.1754094090815252,0.0157790097525918,0.7083333333333334,159.15,0.02,1144.68,0.63,100.18,99.98,99.5,101.7,92.7,37500.0,0.07,0.1111111111111111
바이브컴퍼니,0.8512633458754841,1.829957097910776,-0.1226938653639956,0.5833333333333334,1221.45,7.96,1144.68,0.63,100.18,99.98,99.5,101.7,92.7,18200.0,0.43,0.0980392156862746
센코,0.920593349873863,1.5833362929603083,0.1078862278399736,0.25,848.37,2.2,1144.68,0.63,100.18,99.98,99.5,101.7,92.7,20956.0,0.03,0.1304347826086955
위드텍,0.8461984815922561,1.743508879173986,0.2026884750656029,0.75,1336.49,23.53,1144.68,0.63,100.18,99.98,99.5,101.7,92.7,26500.0,0.48,0.0869565217391303
소룩스,0.9754673868756912,1.389094878911706,0.4490286183724093,0.65,1135.7,0.8,1116.76,0.66,100.09,100.06,102.7,102.6,99.1,19736.7,1.0,0.1111111111111111
교촌에프앤비,0.5771356915541883,2.0570954849775607,0.7214599292694341,0.66,999.44,3.9,1116.76,0.66,100.09,100.06,102.7,102.6,99.1,71340.0,0.94,0.074235807860262
고바이오랩,1.1861266648679067,1.706786167704002,0.4026509500436577,0.4375,64.33,0.03,1116.76,0.66,100.09,100.06,102.7,102.6,99.1,36000.0,1.0,-0.2682926829268293
네패스아크,0.8792495556483559,1.3343060782927627,0.6150577722194703,0.75,707.7,1.6,1116.76,0.66,100.09,100.06,102.7,102.6,99.1,62020.6,0.37,0.0621242484969939
에이플러스에셋어드바이저,2.0838183057533946,1.9441081735887475,0.3552061467215629,0.8,3.66,25.4,1116.76,0.66,100.09,100.06,102.7,102.6,99.1,20985.64,0.08,-0.3421052631578947
티앤엘,1.404519840767512,2.429066537859625,0.5231036840624544,0.6666666666666666,338.91,0.41,1116.76,0.66,100.09,100.06,102.7,102.6,99.1,28800.0,1.0,0.0
하나기술,1.2677125111080634,1.270703799481688,0.363409555523309,0.7857142857142857,1393.98,16.83,1116.76,0.66,100.09,100.06,102.7,102.6,99.1,28000.0,1.0,0.0606060606060605
제일전기공업,0.8625653848256851,1.2862542939804924,0.157459163914721,0.5714285714285714,1196.21,8.86,1116.76,0.66,100.09,100.06,102.7,102.6,99.1,49300.0,1.0,0.0625
클리노믹스,1.0061470609960157,1.025024430321555,0.0574400006781888,0.5,494.20,2.05,1095.13,0.66,100.33,100.84,113.9,103.2,91.0,27415.29,0.33,0.1209677419354837
포인트모바일,0.9747318798305588,1.014651221647325,0.0430265106337248,0.75,1447.07,18.19,1095.13,0.66,100.33,100.84,113.9,103.2,91.0,16423.1,1.0,0.0714285714285714
앱코,0.5490792180628432,0.8011459511315149,0.1043756433913099,0.8333333333333334,1141.02,3.64,1095.13,0.66,100.33,100.84,113.9,103.2,91.0,60920.1,0.24,0.0634573304157548
엔에프씨,0.8970728343226257,1.1323063101555322,-0.0405496452032262,0.6818181818181818,979.94,6.15,1095.13,0.66,100.33,100.84,113.9,103.2,91.0,26800.0,0.54,0.1355932203389831
에이치브이엠,1.4497088209178537,2.39766749874085,0.0355861409460677,0.4090909090909091,837.2,0.0,1380.13,3.6,113.84,119.19,116.4,115.6,100.9,43200.0,0.59,0.4285714285714286
하이젠알앤엠,1.8630464702189045,2.409031753849624,0.1141957308821307,0.6,1099.21,11.8,1380.13,3.6,113.84,119.19,116.4,115.6,100.9,23800.0,1.57,0.3999999999999999
에스오에스랩,1.01218797146436,2.0519189859390465,-0.0098851941564825,0.8333333333333334,1072.30,4.19,1380.13,3.6,113.84,119.19,116.4,115.6,100.9,23000.0,0.81,0.393939393939394
씨어스테크놀로지,0.9115632988152522,1.81791516660518,0.0159469800258511,0.5909090909090909,1084.39,2.06,1380.13,3.6,113.84,119.19,116.4,115.6,100.9,22100.0,1.03,0.3877551020408163
한중엔시에스,0.182119664805219,1.5943764084829977,-0.1182782716754019,0.6666666666666666,725.94,12.44,1380.13,3.6,113.84,119.19,116.4,115.6,100.9,48000.0,0.52,0.3793103448275863
라메디텍,0.9708121257096224,1.976480342080132,0.061813783063102,0.5714285714285714,1115.44,9.93,1380.13,3.6,113.84,119.19,116.4,115.6,100.9,20768.0,2.12,0.3852813852813852
그리드위즈,0.7208387781136563,1.8137958976011688,0.0200270025105279,0.8461538461538461,124.60,0.95,1380.13,3.6,113.84,119.19,116.4,115.6,100.9,56000.0,0.51,0.0810810810810811
노브랜드,0.0816621389364851,1.0154289793891365,-0.0364494189044514,0.4545454545454545,1075.61,4.51,1365.39,3.6,114.1,119.25,113.4,115.2,98.4,16800.0,1.21,0.4213197969543147
아이씨티케이,1.7048029937454854,1.7866343252443715,0.0507817540064586,0.6666666666666666,783.2,6.54,1365.39,3.6,114.1,119.25,113.4,115.2,98.4,39400.0,-0.0,0.3793103448275863
HD현대마린솔루션,0.7385221772383583,3.352764424140565,0.1303478196771504,0.6642857142857143,201.13,45.78,1365.39,3.6,114.1,119.25,113.4,115.2,98.4,742260.0,0.44,0.0644543714103382
코칩,0.963011339054758,2.482107770308006,-0.3074527224945086,0.5909090909090909,988.32,13.19,1365.39,3.6,114.1,119.25,113.4,115.2,98.4,27000.0,0.83,0.4399999999999999
민테크,0.403408499378429,2.695017496933513,0.0484221002178173,0.75,946.72,4.23,1365.39,3.6,114.1,119.25,113.4,115.2,98.4,31500.0,0.42,0.3999999999999999
디앤디파마텍,0.2700168912655494,2.313231566098013,-0.0639683512263467,0.6,848.50,10.96,1365.39,3.6,114.1,119.25,113.4,115.2,98.4,36300.0,0.49,0.375
제일엠앤에스,-0.2307081672676991,2.3215136124338343,-0.14796283795857,0.5454545454545454,645.91,5.49,1367.83,3.57,114.01,119.16,112.3,114.9,100.7,52800.0,0.71,0.3333333333333332
아이엠비디엑스,0.3174452049947849,1.9137108553990632,0.1865537563756887,0.6086956521739131,865.73 ,4.5,1367.83,3.57,114.01,119.16,112.3,114.9,100.7,32500.0,1.2,0.4772727272727273
엔젤로보틱스,0.9356142339691472,1.8813821435980311,-0.1387057432032021,0.58,1157.0,16.67,1330.69,3.65,113.95,118.82,115.7,114.3,100.7,32000.0,1.52,0.5384615384615385
삼현,0.3285519527863352,1.4665837992288773,-0.2418461049457754,0.5,649.11,10.64,1330.69,3.65,113.95,118.82,115.7,114.3,100.7,60000.0,1.23,0.3333333333333332
오상헬스케어,0.1095978847005252,1.6546366584730845,0.0081046843815399,0.625,993.21,2.85,1330.69,3.65,113.95,118.82,115.7,114.3,100.7,19800.0,0.66,0.4285714285714286
케이엔알시스템,1.0669116097238731,1.7878647634504885,-0.1325364115301759,0.5909090909090909,873.20,31.86,1330.69,3.65,113.95,118.82,115.7,114.3,100.7,28404.0,1.74,0.3500000000000001
에이피알,0.1522680679089383,2.168914272590027,-0.0594326400352519,0.6111111111111112,663.18,29.04,1331.74,3.69,113.78,118.55,105.3,114.2,101.9,94750.0,0.78,0.440922190201729
코셈,0.6609937483774582,1.9893281143605488,-0.0494518931235828,0.54,1267.60,10.04,1331.74,3.69,113.78,118.55,105.3,114.2,101.9,9600.0,1.62,0.2307692307692308
이에이트,0.6686845575534952,1.652738758018593,-0.1580719596949898,0.7727272727272727,630.64,2.35,1331.74,3.69,113.78,118.55,105.3,114.2,101.9,22600.0,0.31,0.2121212121212121
스튜디오삼익,1.0699458585093211,1.6442379710945891,-0.2478197111804315,0.7804878048780488,966.90,5.55,1331.74,3.69,113.78,118.55,105.3,114.2,101.9,15300.0,1.89,0.1612903225806452
이닉스,0.4363035429096218,1.4964666570689973,-0.1141923870468756,0.6923076923076923,670.60,25.31,1331.74,3.69,113.78,118.55,105.3,114.2,101.9,42000.0,2.33,0.386138613861386
포스뱅크,0.6085756360139198,1.9996984481168936,-0.1285440871957466,0.6785714285714286,839.03,6.21,1323.57,3.74,113.17,118.19,110.5,113.7,101.6,27000.0,1.64,0.2857142857142858
현대힘스,0.4958057379330731,2.4543555245278594,0.276994422700119,0.5689655172413793,680.82,11.98,1323.57,3.74,113.17,118.19,110.5,113.7,101.6,63561.1,2.97,0.2920353982300885
에이치비인베스트먼트,0.5062804909587593,2.643014147504442,0.165457376385241,0.5833333333333334,838.81,7.73,1323.57,3.74,113.17,118.19,110.5,113.7,101.6,22667.8,1.97,0.3076923076923077
우진엔텍,0.4480138364618726,2.681726967477716,0.2664023527464286,0.7727272727272727,1263.32,17.01,1323.57,3.74,113.17,118.19,110.5,113.7,101.6,10918.0,3.0,0.1521739130434782
디에스단석,0.754135956172326,1.7851299928480486,-0.0290920815929685,0.717391304347826,341.84,0.0,1303.98,3.83,112.73,117.56,126.5,113.4,99.7,122000.0,2.7,0.1904761904761904
블루엠텍,0.9541193883926012,1.6980814388370469,-0.0123088497173065,0.3958333333333333,582.24,0.02,1303.98,3.83,112.73,117.56,126.5,113.4,99.7,26600.0,1.91,0.1176470588235294
LS머트리얼즈,1.4477598488650107,1.887820690993801,0.0224178438995384,0.6935483870967742,396.84,12.02,1303.98,3.83,112.73,117.56,126.5,113.4,99.7,87750.0,2.32,0.2121212121212121
케이엔에스,1.380830117329042,1.2074819541966342,-0.1607656488298305,0.5,964.82,10.96,1303.98,3.83,112.73,117.56,126.5,113.4,99.7,17250.0,2.09,0.1219512195121952
와이바이오로직스,0.3400533333065541,1.3892511280501716,-0.3342148530129893,0.6764705882352942,226.9,14.47,1303.98,3.83,112.73,117.56,126.5,113.4,99.7,13500.0,1.61,-0.0999999999999999
에이텀,0.7273285644884675,1.5147463330144553,0.0965195798077171,0.5,136.4,0.43,1303.98,3.83,112.73,117.56,126.5,113.4,99.7,11700.0,2.16,-0.3207547169811321
에이에스텍,1.1547974762464084,2.364764798326322,0.2215905802007597,0.5,629.95,8.66,1310.39,3.83,112.68,117.41,114.5,113.0,97.3,39396.0,2.04,0.2173913043478261
그린리소스,2.004594289592876,1.9207830942632564,0.2211211460403022,0.5666666666666667,753.19,5.39,1310.39,3.83,112.68,117.41,114.5,113.0,97.3,27880.0,0.74,0.3600000000000001
한선엔지니어링,1.907185135663937,1.8932365352470808,0.2248563571910148,0.4375,709.55,3.89,1310.39,3.83,112.68,117.41,114.5,113.0,97.3,29750.0,1.37,0.25
에코아이,0.4821192774595744,2.1596820022385184,0.1813600350376731,0.6666666666666666,75.14,3.99,1310.39,3.83,112.68,117.41,114.5,113.0,97.3,72141.3,0.33,0.0981012658227848
스톰테크,1.5196031499510472,1.7950725514288908,0.0211693508586302,0.75,573.97,3.24,1310.39,3.83,112.68,117.41,114.5,113.0,97.3,36850.0,0.72,0.2571428571428571
동인기연,2.19294220977503,1.7276368783274734,-0.3162635050396738,0.6,26.37,0.0,1310.39,3.83,112.68,117.41,114.5,113.0,97.3,55140.0,0.02,-0.1428571428571429
에코프로머티리얼즈,0.7428307186690652,2.143798319333754,-0.083653138597056,0.4743589743589743,17.2,3.31,1310.39,3.83,112.68,117.41,114.5,113.0,97.3,524031.2,0.19,-0.0972568578553616
캡스톤파트너스,1.2692379894198198,1.948070531000788,-0.092977799255716,0.6363636363636364,952.78,0.19,1310.39,3.83,112.68,117.41,114.5,113.0,97.3,6384.0,0.75,0.1764705882352941
에이직랜드,0.8805066865353841,2.462061010095139,-0.061488935151507,0.45,490.02,22.38,1310.39,3.83,112.68,117.41,114.5,113.0,97.3,65908.25,0.27,0.2345679012345678
에스와이스틸텍,0.4501426507108457,2.6310086076549504,-0.143866241599967,0.6666666666666666,1113.85,6.69,1310.39,3.83,112.68,117.41,114.5,113.0,97.3,12600.0,0.83,0.3333333333333332
비아이매트릭스,0.7910486949735342,1.7163243138859756,-0.2541594627132599,0.7777777777777778,981.09,4.2,1310.39,3.83,112.68,117.41,114.5,113.0,97.3,15600.0,0.31,0.2935323383084578
컨텍,0.2480372922581493,1.537933863261411,-0.1654708537194592,0.8076923076923077,198.93,1.24,1310.39,3.83,112.68,117.41,114.5,113.0,97.3,46350.0,-0.12,0.0514018691588784
큐로셀,0.1309756651383642,1.728208498057473,-0.2938343582918631,0.7222222222222222,20.88,4.74,1310.39,3.83,112.68,117.41,114.5,113.0,97.3,32000.0,0.13,-0.3680884676145339
메가터치,0.6326637063921443,1.8176494408667545,-0.0546990096990301,0.6666666666666666,765.86,9.25,1310.39,3.83,112.68,117.41,114.5,113.0,97.3,24960.0,0.45,0.28
쏘닉스,0.5938861791757777,2.262285154721442,-0.1917541264385243,0.7857142857142857,716.50,1.39,1310.39,3.83,112.68,117.41,114.5,113.0,97.3,27000.0,0.33,0.25
유투바이오,0.5788171217947395,1.858360596075031,-0.1648862716174728,0.6875,1276.73,2.35,1310.39,3.83,112.68,117.41,114.5,113.0,97.3,4966.37,0.36,0.2222222222222223
유진테크놀로지,1.0721209045937088,2.0595973466201563,0.05673659300558,0.75,914.02,17.63,1310.39,3.83,112.68,117.41,114.5,113.0,97.3,17841.19,0.44,0.2454212454212454
퀄리타스반도체,1.70237974897866,1.954578208370132,-0.1601678068953415,0.7857142857142857,818.52,22.25,1350.69,3.82,113.27,117.86,111.0,112.4,98.2,30600.0,0.72,0.2142857142857142
워트,1.700302339259335,1.421959674205214,-0.2737148134421873,0.5625,793.26,10.06,1350.69,3.82,113.27,117.86,111.0,112.4,98.2,26000.0,0.58,0.2264150943396226
에스엘에스바이오,0.9275037383167266,1.522250175996712,-0.0719398862858571,0.7941176470588235,235.14,16.63,1350.69,3.82,113.27,117.86,111.0,112.4,98.2,5390.0,0.33,-0.2045454545454545
신성에스티,0.7291974528763729,2.0405251055833538,0.1130704162873764,0.7666666666666667,583.50,13.57,1350.69,3.82,113.27,117.86,111.0,112.4,98.2,52000.0,0.77,0.1063829787234043
퓨릿,0.8484556970881614,3.166551437240034,0.3119757038038914,0.6538461538461539,533.08,8.61,1350.69,3.82,113.27,117.86,111.0,112.4,98.2,44265.9,0.46,0.0974358974358975
두산로보틱스,1.5206272176879967,2.024797307965895,-0.2269572558666439,0.8238636363636364,272.03,51.6,1350.69,3.82,113.27,117.86,111.0,112.4,98.2,421200.0,1.27,0.1063829787234043
한싹,0.0280804546016213,2.912198436202272,-0.0218329107276479,0.6551724137931034,840.74,13.27,1350.69,3.82,113.27,117.86,111.0,112.4,98.2,18750.0,1.99,0.256281407035176
레뷰코퍼레이션,0.7118310419081948,2.264003526359083,-0.0029444961677463,0.75,643.70,21.0,1350.69,3.82,113.27,117.86,111.0,112.4,98.2,33600.0,1.67,0.214574898785425
밀리의서재,0.2130466965427295,1.4342345466235566,0.1768658856510709,0.4629629629629629,619.24,5.76,1329.47,3.76,112.85,118.03,112.5,111.8,99.8,34500.0,0.79,0.069767441860465
아이엠티,0.3104968160055019,1.7685139519557267,-0.0075530049642322,0.0,753.50,22.2,1350.69,3.82,113.27,117.86,111.0,112.4,98.2,22120.0,1.0,0.2444444444444444
인스웨이브시스템즈,0.2366933039491661,1.2610005796406445,-0.4627409732355831,0.6875,672.42,7.46,1329.47,3.76,112.85,118.03,112.5,111.8,99.8,26400.0,0.5,0.0909090909090908
시큐레터,0.6580016829059758,1.572637192411254,0.0266407970987574,0.5263157894736842,1544.73,3.14,1318.47,3.7,112.28,117.5,109.7,111.4,103.3,13918.8,0.58,0.2121212121212121
스마트레이더시스템,1.0756924660539116,2.242381265581512,-0.0045532439259879,0.6111111111111112,1813.42,6.98,1318.47,3.7,112.28,117.5,109.7,111.4,103.3,17760.0,1.01,0.2698412698412697
넥스틸,0.8471817337968233,1.2250754062230709,-0.3032952526037596,0.6428571428571429,235.56,0.6,1318.47,3.7,112.28,117.5,109.7,111.4,103.3,80500.0,0.04,-0.0416666666666666
빅토리콘텐츠,0.5511178975019657,2.5011220110237544,-0.0796082990230122,0.8125,731.17,4.19,1318.47,3.7,112.28,117.5,109.7,111.4,103.3,10768.6,0.0,0.0454545454545454
큐리옥스바이오시스템즈,0.1944841825679413,1.5449215790426751,-0.2092814013803677,0.5869565217391305,191.61,2.63,1318.47,3.7,112.28,117.5,109.7,111.4,103.3,18200.0,0.0,-0.1034482758620689
코츠테크놀로지,0.8089178049748247,2.391989148338736,0.084932462402495,0.7222222222222222,1836.61,17.59,1318.47,3.7,112.28,117.5,109.7,111.4,103.3,13000.0,0.92,0.2093023255813952
파두,0.9073249201544078,1.6134702815175994,-0.3575864719983422,0.8088235294117647,362.90,21.87,1318.47,3.7,112.28,117.5,109.7,111.4,103.3,193750.0,-0.15,0.087719298245614
엠아이큐브솔루션,1.3431549897926134,1.7818325049845174,-0.3812375383193701,0.65,1888.91,29.69,1318.47,3.7,112.28,117.5,109.7,111.4,103.3,14520.0,2.08,0.2972972972972973
시지트로닉스,1.194553637617779,1.1833332724301662,-0.4976750395199562,0.3125,1703.85,5.62,1318.47,3.7,112.28,117.5,109.7,111.4,103.3,22500.0,0.05,0.3157894736842106
파로스아이바이오,0.9583601186480736,1.6896812443980105,-0.2348794341830899,0.5925925925925926,303.31,1.32,1286.3,3.75,111.29,116.53,108.8,111.1,103.4,19600.0,-0.12,-0.125
버넥트,0.7044575017809223,1.6091212125887906,-0.1519851345904947,0.5454545454545454,1520.08,8.63,1286.3,3.75,111.29,116.53,108.8,111.1,103.4,30720.0,0.48,0.2749003984063745
에이엘티,0.594068202515114,1.72971862719564,-0.2090138801210357,0.4285714285714285,1835.71,16.07,1286.3,3.75,111.29,116.53,108.8,111.1,103.4,22500.0,0.26,0.3440860215053762
뷰티스킨,1.0293722277349864,1.7380383394194676,-0.2503934560287603,0.7916666666666666,1819.7 ,10.93,1286.3,3.75,111.29,116.53,108.8,111.1,103.4,11440.0,1.1,0.1555555555555554
센서뷰,1.0225091153954162,1.7726258892235207,0.0010750725196448,0.8,1673.33,7.41,1286.3,3.75,111.29,116.53,108.8,111.1,103.4,17550.0,1.82,0.3846153846153846
와이랩,1.065092119709572,1.983475576949457,0.1728376933628196,0.7,1821.64,14.72,1286.3,3.75,111.29,116.53,108.8,111.1,103.4,27000.0,1.4,0.1999999999999999
필에너지,0.8321305511008279,2.4563845011910743,0.1121372347886793,0.6904761904761905,1811.55,59.23,1286.3,3.75,111.29,116.53,108.8,111.1,103.4,95625.0,2.61,0.2078152753108348
이노시뮬레이션,1.7669286222900515,1.8364746574014568,0.3315425421113617,0.5,1869.47,5.98,1286.3,3.75,111.29,116.53,108.8,111.1,103.4,13500.0,1.99,0.0714285714285714
오픈놀,0.91053351249275,1.468206398234854,-0.1954311408644311,0.6875,510.36,0.58,1296.71,3.75,111.16,116.27,115.8,110.5,100.8,16500.0,0.3,-0.183673469387755
시큐센,0.9408081023940325,2.1381475052986514,0.1689769904691216,0.8571428571428571,1800.86,12.47,1296.71,3.75,111.16,116.27,115.8,110.5,100.8,5844.0,1.98,0.3636363636363635
알멕,0.9875232492158784,1.818014639476038,0.0167804992142774,0.7307692307692307,1697.23,51.12,1296.71,3.75,111.16,116.27,115.8,110.5,100.8,50000.0,1.91,0.1764705882352941
프로테옴텍,0.5368666846876335,1.3288971535712069,-0.0441468205368312,0.5,94.10,21.25,1296.71,3.75,111.16,116.27,115.8,110.5,100.8,7200.0,0.44,-0.25
큐라티스,0.645648898129541,1.4145234797826012,-0.0855125583433945,0.5,52.89,0.0,1296.71,3.75,111.16,116.27,115.8,110.5,100.8,14000.0,0.12,-0.4482758620689655
마녀공장,0.723046029610853,2.1843177301985435,0.0631949922645689,0.7941176470588235,1800.47,38.57,1296.71,3.75,111.16,116.27,115.8,110.5,100.8,32000.0,1.0,0.2307692307692308
나라셀라,0.8633355629154358,1.0636019169606348,-0.3875224038035841,0.5,178.47,1.19,1296.71,3.75,111.16,116.27,115.8,110.5,100.8,29000.0,-0.03,-0.0909090909090909
진영,0.1964548833879238,0.8283220944545224,-0.0295405658203733,0.6666666666666666,1595.70,9.17,1296.71,3.75,111.16,116.27,115.8,110.5,100.8,21250.0,1.0,0.2820512820512821
기가비스,1.1884751819140784,2.048085132800696,0.1674589038408694,0.4090909090909091,1669.60,49.52,1328.21,3.64,111.13,116.53,110.8,109.8,98.1,95385.09,0.66,0.1605937921727396
모니터랩,0.9509763839796964,2.2726710140649127,0.0203084184977941,0.75,1715.41,6.06,1328.21,3.64,111.13,116.53,110.8,109.8,98.1,19600.0,1.0,0.1329479768786128
씨유박스,2.202509467801077,2.2789828307171502,-0.2069677997730449,0.55,86.44,3.69,1328.21,3.64,111.13,116.53,110.8,109.8,98.1,22500.0,0.05,-0.2574257425742574
트루엔,0.6339158799608713,2.120581920212235,0.1970015818037568,0.7692307692307693,1688.87,8.24,1328.21,3.64,111.13,116.53,110.8,109.8,98.1,30000.0,0.61,0.0909090909090908
토마토시스템,0.4977922615629415,1.2503143438251496,-0.2508429139789252,0.7,363.22,3.85,1320.01,3.5,110.77,116.96,108.6,109.4,95.2,15652.0,-0.01,-0.0990099009900989
마이크로투나노,1.1650458843256368,2.459618507243725,0.2506857919726641,0.7058823529411765,1716.98,10.83,1320.01,3.5,110.77,116.96,108.6,109.4,95.2,15500.0,0.63,0.0689655172413792
지아이이노베이션,0.8611946584748429,1.5410577953094309,-0.0905282504971256,0.625,26.70,0.23,1305.73,3.61,110.52,117.05,115.6,109.3,92.0,26000.0,0.46,-0.2972972972972972
엘비인베스트먼트,1.5163003182584402,1.8571021536182395,-0.0626324238770503,0.6666666666666666,1298.41,2.84,1305.73,3.61,110.52,117.05,115.6,109.3,92.0,23552.04,0.27,0.0736842105263158
금양그린파워,1.422487294627636,1.636307693336351,-0.0963928866192719,0.5666666666666667,1613.16,18.19,1305.73,3.61,110.52,117.05,115.6,109.3,92.0,30073.2,0.9,0.3605442176870748
자람테크놀로지,1.1265180579218184,1.533587673195215,-0.3267843359761465,0.3571428571428571,1702.43,11.42,1305.73,3.61,110.52,117.05,115.6,109.3,92.0,20460.0,1.0,0.2222222222222223
나노팀,0.8133076776393717,1.7434251232136495,-0.0992071405681615,0.8181818181818182,1723.21,25.64,1305.73,3.61,110.52,117.05,115.6,109.3,92.0,26650.0,1.0,0.0612244897959184
바이오인프라,0.970037296227022,1.2334452136327907,-0.4551572480409058,0.7,1594.95,0.0,1305.73,3.61,110.52,117.05,115.6,109.3,92.0,13650.0,1.0,0.0769230769230768
이노진,1.016649886326495,2.1511786035868834,-0.0177126674051211,0.7,1603.33,6.36,1270.74,3.52,110.33,116.91,103.4,109.2,90.2,7800.0,1.0,0.0909090909090908
제이오,0.9580908087276936,1.928496451412041,0.1024810696219361,0.6578947368421053,352.61,4.33,1270.74,3.52,110.33,116.91,103.4,109.2,90.2,52000.0,0.53,0.1304347826086955
샌즈랩,1.2780701098698797,1.6108278779888074,0.2008757598989297,0.5,1325.79,1.41,1270.74,3.52,110.33,116.91,103.4,109.2,90.2,38850.0,1.0,0.1052631578947369
꿈비,1.0927311167129743,1.9748383126911908,0.3318270290051265,0.55,1547.13,12.24,1270.74,3.52,110.33,116.91,103.4,109.2,90.2,10000.0,1.0,0.1764705882352941
스튜디오미르,0.908454143302023,2.197358786341845,0.2506361519441974,0.6,1701.62,16.45,1270.74,3.52,110.33,116.91,103.4,109.2,90.2,19500.0,1.0,0.1206896551724137
삼기이브이,1.281211003866907,1.842681674582921,0.4114927499701357,0.6111111111111112,37.51,0.45,1270.74,3.52,110.33,116.91,103.4,109.2,90.2,39072.41,1.0,-0.2739273927392739
오브젠,0.9648450176150908,1.3466356669712125,0.1213622134626084,0.3928571428571428,98.49,2.22,1247.25,3.8,110.07,116.69,103.1,109.3,90.7,13967.21,1.0,-0.1428571428571429
미래반도체,1.840428735705907,2.0997581330329163,0.2064314552101779,0.7307692307692307,1576.56,3.95,1247.25,3.8,110.07,116.69,103.1,109.3,90.7,21600.0,1.0,0.0619469026548673
티이엠씨,1.3442323037954318,1.0614583079011917,-0.1831945266159929,0.5526315789473685,31.33,0.42,1247.25,3.8,110.07,116.69,103.1,109.3,90.7,61600.0,-0.0,-0.1999999999999999
바이오노트,0.9883688041309502,1.9213983332955085,0.0161531290478791,0.25,3.29,2.77,1296.22,4.02,109.26,116.27,126.0,109.3,90.1,117000.0,0.11,-0.55
에스에이엠지엔터테인먼트,1.1174326355596875,1.5433431029417255,-0.4825222366655825,0.5,44.73,0.05,1296.22,4.02,109.26,116.27,126.0,109.3,90.1,29750.0,0.06,-0.2960662525879917
펨트론,1.6343873267452111,1.424945796342605,-0.1458207928119623,0.5,129.06,11.41,1364.1,3.99,109.07,116.75,112.0,109.6,86.6,8800.0,0.23,-0.2380952380952381
인벤티지랩,1.2289604104226135,1.7678589124504724,-0.1971265361405215,0.5833333333333334,14.37,0.0,1364.1,3.99,109.07,116.75,112.0,109.6,86.6,15600.0,0.06,-0.4666666666666667
엔젯,0.702757613185061,1.94424967840006,-0.2228433352223575,0.6111111111111112,42.15,6.0,1364.1,3.99,109.07,116.75,112.0,109.6,86.6,21000.0,-0.1,-0.2647058823529411
티에프이,0.8013171947208133,2.029716576477829,-0.1613144601992541,0.6,1295.18,5.3,1364.1,3.99,109.07,116.75,112.0,109.6,86.6,28350.0,-0.05,0.0769230769230768
유비온,0.515067524586156,1.752425012543814,-0.0373698416642179,1.0,736.72,1.11,1364.1,3.99,109.07,116.75,112.0,109.6,86.6,5520.0,-0.07,0.0526315789473683
티쓰리엔터테인먼트,1.0514639000463353,1.9131822958943367,-0.0098923659900695,0.4,1744.08,4.03,1364.1,3.99,109.07,116.75,112.0,109.6,86.6,28900.0,0.44,0.0625
윤성에프앤씨,1.2339257825779706,1.208569352284917,-0.4749663358151483,0.5384615384615384,67.49,0.14,1364.1,3.99,109.07,116.75,112.0,109.6,86.6,97743.34,-0.1,-0.1478260869565217
디티앤씨알오,1.143287949029456,1.397789154763267,-0.4435257034439993,0.6,74.53,0.0,1364.1,3.99,109.07,116.75,112.0,109.6,86.6,23800.0,-0.08,-0.276595744680851
뉴로메카,2.261763258473803,2.216655133859314,0.1353423641810135,0.5555555555555556,1652.13,7.6,1364.1,3.99,109.07,116.75,112.0,109.6,86.6,25350.0,0.43,0.0938511326860842
제이아이테크,1.6847518807396995,2.1697654536057733,-0.14904154699577,0.75,616.71,0.55,1364.1,3.99,109.07,116.75,112.0,109.6,86.6,27661.92,-0.1,0.1034482758620689
큐알티,1.849950180409491,1.3755489009213069,-0.346866444444379,0.6666666666666666,86.97,0.21,1364.1,3.99,109.07,116.75,112.0,109.6,86.6,43582.0,-0.02,-0.2300962379702537
저스템,0.9060493542702908,2.406057946962324,-0.1731976211121648,0.631578947368421,283.4,13.76,1426.66,3.69,109.16,117.13,109.4,109.5,89.0,18060.0,0.05,0.0
산돌,0.9118002044013966,2.049875749171461,0.1689967328569525,1.0,462.19,10.4,1426.66,3.69,109.16,117.13,109.4,109.5,89.0,28012.0,0.28,0.0804597701149425
플라즈맵,1.0962787135736485,1.356068790926248,-0.1154071241971004,0.6904761904761905,39.78,1.91,1426.66,3.69,109.16,117.13,109.4,109.5,89.0,12397.0,0.2,-0.3
핀텔,1.210551899186362,1.369828077547739,-0.1044143835377021,0.6875,558.92,8.74,1426.66,3.69,109.16,117.13,109.4,109.5,89.0,17800.0,0.72,0.0853658536585366
샤페론,1.1492445910327116,1.3506818046497475,-0.2981001544872945,0.5961538461538461,26,5.47,1426.66,3.69,109.16,117.13,109.4,109.5,89.0,13735.0,0.8,-0.4565217391304348
에스비비테크,0.5517356429936395,2.206791393740456,0.0480188611494896,0.4,1644.01,32.54,1426.66,3.69,109.16,117.13,109.4,109.5,89.0,22320.0,0.93,0.1022222222222222
오에스피,1.212631180112577,2.136583485067188,0.0656120205118361,0.75,1582.84,4.66,1426.66,3.69,109.16,117.13,109.4,109.5,89.0,17270.4,0.29,0.1428571428571428
탑머티리얼,1.090285998627886,1.7950421513381096,-0.1108753022476268,0.8333333333333334,451.49,30.96,1426.66,3.69,109.16,117.13,109.4,109.5,89.0,60000.0,0.12,0.0526315789473683
이노룰스,1.4992350896918407,2.425106461841441,-0.0040212907043585,0.5714285714285714,1495.69,6.02,1426.66,3.69,109.16,117.13,109.4,109.5,89.0,14434.3,0.05,0.0638297872340425
모델솔루션,0.9679340875260009,2.354579685865481,-0.0580952313811284,0.875,1725.78,8.12,1426.66,3.69,109.16,117.13,109.4,109.5,89.0,27000.0,0.09,0.0588235294117647
선바이오,0.6830727339471934,1.581569372833406,-0.4092218370540852,0.4615384615384615,31.93,4.18,1426.66,3.69,109.16,117.13,109.4,109.5,89.0,6776.0,0.1,-0.2666666666666667
더블유씨피,1.2947018104158956,2.0600609642184726,-0.2761069933983471,0.5588235294117647,33.28,4.24,1391.59,3.01,108.82,116.53,109.2,109.2,91.6,540000.0,-0.1,-0.3333333333333333
알피바이오,1.202536502967415,2.382767477088546,0.073113641869473,0.5,1556.04,11.12,1391.59,3.01,108.82,116.53,109.2,109.2,91.6,15600.0,0.48,0.1304347826086955
오픈엣지테크놀로지,0.7177582639739102,2.023832393999846,-0.4641076426937662,0.5,44.25,15.85,1391.59,3.01,108.82,116.53,109.2,109.2,91.6,36366.41,0.08,-0.3939393939393939
쏘카,0.3837795674015387,0.9626543549770924,-0.2985829004931202,0.0,56.07,0.17,1318.44,2.79,108.63,116.45,107.8,109.0,89.0,101920.0,0.0,-0.2911392405063291
대성하이텍,0.5815015178841767,2.397245833729582,-0.1622653328388239,0.6153846153846154,1934.89,4.57,1318.44,2.79,108.63,116.45,107.8,109.0,89.0,29903.04,0.44,0.0975609756097561
에이치와이티씨,1.8029331630846843,1.723874771538934,-0.3750035307757324,0.7333333333333333,1480.78,6.08,1318.44,2.79,108.63,116.45,107.8,109.0,89.0,33900.0,-0.02,0.0714285714285714
새빗켐,2.2856719303005675,1.698457668503874,-0.2247479900810904,0.7222222222222222,1670.90,37.7,1318.44,2.79,108.63,116.45,107.8,109.0,89.0,37450.0,1.0,0.2727272727272727
수산인더스트리,0.8880324108141378,2.1190501060376725,-0.2541144665369724,0.25,130.37,18.94,1318.44,2.79,108.63,116.45,107.8,109.0,89.0,200025.0,-0.06,-0.1037131882202304
에이프릴바이오,0.7545968238630327,1.9343899619625984,-0.1506114962106167,0.5588235294117647,14.43 ,10.66,1307.4,2.41,108.73,116.9,109.6,108.8,86.2,25920.0,0.22,-0.2558139534883721
아이씨에이치,0.6179575460157318,1.9768744840954668,-0.2413583119567613,0.625,57.28,12.47,1307.4,2.41,108.73,116.9,109.6,108.8,86.2,40120.0,-0.1,-0.1282051282051282
성일하이텍,1.1175269483242714,2.483974484389195,0.2300492733835516,0.7647058823529411,2269.68,38.66,1307.4,2.41,108.73,116.9,109.6,108.8,86.2,133500.0,1.0,0.1337868480725623
루닛,1.1596392226512324,1.3686269414353194,-0.2564838285783286,0.3928571428571428,7.10 ,1.65,1307.4,2.41,108.73,116.9,109.6,108.8,86.2,36429.0,0.03,-0.3548387096774194
에이치피에스피,0.830827281471632,2.435821671937535,0.1591805480481982,0.7307692307692307,1511.36,42.54,1307.4,2.41,108.73,116.9,109.6,108.8,86.2,75000.0,1.0,0.0416666666666667
영창케미칼,0.7114831619072919,1.56742830340721,-0.1233687788395238,0.6666666666666666,1616.27,5.92,1307.4,2.41,108.73,116.9,109.6,108.8,86.2,44640.0,-0.01,0.1071428571428572
코난테크놀로지,0.897254329425822,2.0512405540553584,0.0215112003695369,0.6111111111111112,1482.6,7.07,1307.4,2.41,108.73,116.9,109.6,108.8,86.2,30000.0,0.41,0.0869565217391303
넥스트칩,1.4532436792279828,2.014893895583897,0.0749034950647931,0.625,1623.41,11.58,1307.4,2.41,108.73,116.9,109.6,108.8,86.2,33800.0,0.32,0.2093023255813952
보로노이,1.193000388718664,1.570451842191929,-0.3023213437074787,0.3653846153846153,28.35 ,0.0,1277.35,1.99,108.21,116.57,114.7,108.8,96.8,52000.0,-0.1,-0.0697674418604651
위니아에이드,1.134721344053724,2.293243858493493,0.0947196633070114,0.3888888888888889,955,1.39,1277.35,1.99,108.21,116.57,114.7,108.8,96.8,86930.61,-0.1,0.0657894736842106
레이저쎌,1.332013204840604,2.3378413549789565,0.1688357179921231,1.0,1442.95,12.43,1277.35,1.99,108.21,116.57,114.7,108.8,96.8,25600.0,0.29,0.2307692307692308
비플라이소프트,1.7113086909804878,1.6769204964081783,-0.3283117113892668,0.5454545454545454,111.05,0.76,1277.35,1.99,108.21,116.57,114.7,108.8,96.8,10000.0,0.05,-0.4366197183098591
범한퓨얼셀,0.7431272323649729,2.144224999478608,0.1194207073870879,0.8,751.39,10.75,1277.35,1.99,108.21,116.57,114.7,108.8,96.8,85440.0,0.02,0.10803324099723
청담글로벌,0.5817641367864832,2.488531009853202,-0.2026662591919178,0.4736842105263157,24.79 ,16.47,1277.35,1.99,108.21,116.57,114.7,108.8,96.8,38050.12,0.08,-0.3333333333333333
가온칩스,0.9509336790051944,2.055436775357575,-0.2649138511293929,0.6304347826086957,1847.12,14.7,1269.88,1.77,107.5,115.92,111.4,108.4,103.1,28000.0,0.73,0.1666666666666667
대명에너지,0.4981106362521608,1.714296887217913,-0.301990856637261,0.4736842105263157,254.74,1.18,1269.88,1.77,107.5,115.92,111.4,108.4,103.1,37500.0,0.03,-0.0909090909090909
포바이포,0.5503501964132251,2.3238225191219546,0.0113521394502475,0.6666666666666666,1846.32 ,55.52,1232.34,1.64,106.83,115.1,109.9,108.0,104.3,30174.44,1.0,0.3600000000000001
지투파워,1.1311810909179467,2.154616914071787,-0.2371539257805696,0.4736842105263157,1729.63,11.16,1232.34,1.64,106.83,115.1,109.9,108.0,104.3,14514.0,1.0,0.0969899665551838
세아메카닉스,0.6356615036097435,2.649376186365754,0.2284745624860523,0.6111111111111112,1812.83,6.73,1221.03,1.5,106.1,113.27,113.1,107.9,103.7,29260.0,1.0,0.1733333333333333
공구우먼,0.3566863011460821,0.6925563551316669,-0.0999134746774775,0.4444444444444444,56.9,2.65,1221.03,1.5,106.1,113.27,113.1,107.9,103.7,28000.0,0.08,-0.2982456140350877
유일로보틱스,0.9607871014400629,1.446270505743117,-0.2543063967720929,0.6,1756.45,15.92,1221.03,1.5,106.1,113.27,113.1,107.9,103.7,21500.0,1.0,0.1904761904761904
모아데이타,1.203074041667454,0.7225746014559773,-0.7407502947025727,0.5625,114.19,0.87,1221.03,1.5,106.1,113.27,113.1,107.9,103.7,16000.0,-0.1,-0.2307692307692307
노을,0.4817681607661983,0.9503885096974792,-0.3556719704690768,0.3571428571428571,31.50,0.0,1221.03,1.5,106.1,113.27,113.1,107.9,103.7,15000.0,-0.03,-0.3333333333333333
비씨엔씨,1.2400634745119672,1.6522230305378105,-0.2465336448635023,0.7857142857142857,1831.23,22.84,1221.03,1.5,106.1,113.27,113.1,107.9,103.7,32500.0,1.0,0.2682926829268293
풍원정밀,0.7553106317438516,2.046711849696925,-0.2447754402173802,0.7,1556.53,11.0,1198.34,1.5,105.42,111.57,99.3,107.7,103.5,45600.0,0.33,0.0704225352112675
브이씨,0.4828639700738462,1.506792429143315,-0.3032845290266582,0.5,190.59,19.93,1198.34,1.5,105.42,111.57,99.3,107.7,103.5,15000.0,0.16,-0.1304347826086956
퓨런티어,1.286416266505782,1.8394971974025829,-0.3193557131589228,0.4375,1535.42,11.08,1198.34,1.5,105.42,111.57,99.3,107.7,103.5,24000.0,1.0,0.1952191235059761
바이오에프디엔씨,0.6058348988466826,0.8898444140217263,-0.7103381226083165,0.2692307692307692,74.01,11.8,1198.34,1.5,105.42,111.57,99.3,107.7,103.5,36400.0,-0.1,0.0769230769230768
인카금융서비스,0.6288096060268429,1.947201382338316,-0.2374598030548791,0.3636363636363636,13.69,4.19,1198.34,1.5,105.42,111.57,99.3,107.7,103.5,15836.4,-0.04,-0.28
나래나노텍,1.0800753149147542,1.1600814451285553,-0.3984032462210665,0.75,102,0.97,1198.34,1.5,105.42,111.57,99.3,107.7,103.5,54250.0,-0.1,-0.0789473684210526
스코넥,1.955265120669969,1.941938496519113,-0.2064025017366816,0.4666666666666667,1724.66,59.95,1198.34,1.5,105.42,111.57,99.3,107.7,103.5,28941.9,1.0,0.2380952380952381
이지트로닉스,1.454969425969864,2.81387749234948,-0.0728123006165477,0.6428571428571429,1343.51,2.94,1198.34,1.5,105.42,111.57,99.3,107.7,103.5,43560.0,0.07,0.0731707317073171
LG에너지솔루션,0.8668887311053899,1.608539316292572,-0.1644142029282803,0.9,2023.37,77.38,1194.01,1.39,104.85,111.04,104.8,107.7,104.9,12750000.0,0.99,0.0771992818671454
애드바이오텍,1.0058834376280514,2.088040002720906,-0.1351170660827878,0.6578947368421053,102.15,0.0,1194.01,1.39,104.85,111.04,104.8,107.7,104.9,9520.0,-0.04,-0.0666666666666666
케이옥션,0.8568569600351532,1.6488754490918986,-0.0448498864716183,0.6111111111111112,1638.36,36.8,1194.01,1.39,104.85,111.04,104.8,107.7,104.9,32000.0,1.0,0.0810810810810811
오토앤,2.190494227040848,2.3077584517680427,0.1318600699258568,0.5,1713,8.34,1194.01,1.39,104.85,111.04,104.8,107.7,104.9,15251.17,0.66,0.1777777777777778
래몽래인,0.5489074967979501,-0.2657954712636043,0.0882573386952697,0.5625,1545.68,17.75,1183.7,1.27,104.04,109.88,123.6,107.3,104.3,18000.0,0.73,0.2244897959183673
케이티비네트워크,0.7591354988123129,2.4861293970388223,-0.0265072621957653,0.25,50.19,6.94,1183.7,1.27,104.04,109.88,123.6,107.3,104.3,116000.0,0.04,-0.1076923076923076
툴젠,0.8615201527548564,1.038785255429132,-0.1641177235132769,0.5517241379310345,29.54,0.1,1183.7,1.27,104.04,109.88,123.6,107.3,104.3,70000.0,0.18,-0.3636363636363636
알비더블유,1.925214293355448,2.481421729183828,0.0466676110191064,0.6764705882352942,1719.61 ,15.98,1182.91,1.17,103.87,109.9,109.2,107.2,108.2,26814.2,1.0,0.0673316708229425
마인즈랩,1.2496386293299877,2.103106152844782,-0.1926798270268527,0.6428571428571429,197.55,19.74,1182.91,1.17,103.87,109.9,109.2,107.2,108.2,18133.77,-0.01,0.0714285714285714
바이옵트로,2.22746509739456,1.9441043305274903,-0.232661635287519,0.0,205.12,0.98,1182.91,1.17,103.87,109.9,109.2,107.2,108.2,7500.0,-0.03,-0.0625
트윔,0.8432787976506204,1.873016488880044,0.0255503457242686,0.8,1627.34,9.2,1182.91,1.17,103.87,109.9,109.2,107.2,108.2,26840.0,1.0,0.1518324607329844
지오엘리먼트,1.1868051815546503,2.8664283039038128,0.1634475317616589,0.6153846153846154,1613.84 ,15.23,1182.91,1.17,103.87,109.9,109.2,107.2,108.2,15470.0,1.0,0.2269938650306748
비트나인,1.040658807644522,2.0547192709926843,-0.0916726551804739,0.6666666666666666,1662.29,5.96,1182.91,1.17,103.87,109.9,109.2,107.2,108.2,22781.0,0.39,0.1956521739130434
디어유,0.8039941638384116,2.312178967385367,0.440913503177317,0.7727272727272727,2001.11,37.46,1182.91,1.17,103.87,109.9,109.2,107.2,108.2,85800.0,1.0,0.2380952380952381
아이티아이즈,0.9547750961987896,2.1300306630028123,-0.1780310364615927,0.5,1601.14,9.11,1182.91,1.17,103.87,109.9,109.2,107.2,108.2,25411.1,1.0,0.0671641791044777
지니너스,1.0732451718995175,2.7108781961132564,-0.0999443682090181,0.5555555555555556,66.03,0.1,1182.91,1.17,103.87,109.9,109.2,107.2,108.2,40000.0,-0.1,-0.29701230228471
피코그램,1.0560529242493448,1.9810136814411563,1.1557525703348923,1.0,1472.19,12.96,1182.82,1.08,103.35,109.12,105.3,107.1,107.3,12500.0,1.0,0.0638297872340425
엔켐,2.2785444001742707,1.828886423824363,-0.0290132773599497,0.5,1647.40 ,64.45,1182.91,1.17,103.87,109.9,109.2,107.2,108.2,95030.25,0.94,0.2923076923076924
리파인,0.8493737134801425,2.8293309403482483,-0.0209661279816915,0.5714285714285714,64.19,3.22,1182.82,1.08,103.35,109.12,105.3,107.1,107.3,90930.0,-0.1,-0.0666666666666666
지앤비에스엔지니어링,1.7133297848543338,2.2528301562721165,0.1309253591366921,0.4166666666666667,1134.34,4.37,1182.82,1.08,103.35,109.12,105.3,107.1,107.3,24795.0,0.38,0.0977917981072555
아이패밀리에스씨,1.0772523452067055,2.160912802583154,-0.0837783314905133,0.375,63.10,0.0,1182.82,1.08,103.35,109.12,105.3,107.1,107.3,24450.0,0.15,-0.4252873563218391
차백신연구소,0.8991405161724133,1.675241767101935,-0.0460823308352179,0.75,206.23,1.93,1182.82,1.08,103.35,109.12,105.3,107.1,107.3,43450.0,0.06,-0.1538461538461538
지아이텍,1.0383407174019803,2.073397841682664,0.2384725568560143,0.6111111111111112,2068.17 ,25.28,1182.82,1.08,103.35,109.12,105.3,107.1,107.3,37800.0,1.0,0.1382113821138211
케이카,0.0882961936354567,1.122597907487485,-0.0077393586884894,0.6111111111111112,40,0.0,1182.82,1.08,103.35,109.12,105.3,107.1,107.3,420757.2,-0.1,-0.3548387096774194
씨유테크,1.1615171050283513,2.511995255478733,-0.0203276934717505,0.75,1565.03,22.76,1182.82,1.08,103.35,109.12,105.3,107.1,107.3,31500.0,1.0,0.1214953271028036
원준,1.2856661652449397,2.328732988995829,-0.1595391916934925,0.8888888888888888,1464.10,44.3,1182.82,1.08,103.35,109.12,105.3,107.1,107.3,65312.46,0.57,0.1607142857142858
아스플로,1.5417594043444045,2.3768437688106863,-0.4661564201958663,1.0,2142.7,12.1,1182.82,1.08,103.35,109.12,105.3,107.1,107.3,15750.0,0.44,0.2195121951219512
실리콘투,1.140797242846037,2.836236759975409,0.0916877628249546,0.7142857142857143,1437.63,8.37,1169.54,0.98,103.17,108.0,104.5,107.2,104.1,44988.8,0.42,0.0666666666666666
프롬바이오,0.5621491817693745,1.7751525309463596,-0.039443260892589,0.6666666666666666,85.71,1.45,1169.54,0.98,103.17,108.0,104.5,107.2,104.1,54000.0,0.07,-0.217391304347826
바이오플러스,0.8026493722405785,1.847828676468937,-0.1136221716776991,0.5882352941176471,1220.2,7.8,1169.54,0.98,103.17,108.0,104.5,107.2,104.1,44100.0,0.25,0.05
현대중공업,0.6967049230693712,2.0066852540687763,0.0328674213376435,0.7678571428571429,1835.87,53.09,1169.54,0.98,103.17,108.0,104.5,107.2,104.1,1080000.0,0.85,0.0714285714285714
와이엠텍,0.6085797709604766,2.135906925132593,-0.0572788520360336,0.4615384615384615,1696.19,31.59,1169.54,0.98,103.17,108.0,104.5,107.2,104.1,16800.0,1.0,0.2173913043478261
에이비온,0.8614550690885974,1.9480800014833115,-0.1211749355671311,0.5625,139.36,4.3,1169.54,0.98,103.17,108.0,104.5,107.2,104.1,38760.0,-0.01,0.0793650793650793
일진하이솔루스,0.4755015954012727,2.345641874458159,0.0718675108876681,0.6607142857142857,1471.01,61.52,1169.54,0.98,103.17,108.0,104.5,107.2,104.1,373663.86,1.0,0.1433333333333333
바이젠셀,1.5977937199451882,2.716659152007852,-0.0566234574802113,0.5526315789473685,1271.21,13.61,1160.34,0.77,102.75,107.6,101.4,107.3,102.8,99417.5,0.39,0.1036649214659686
브레인즈컴퍼니,0.3826712237912577,3.2058152368733923,-0.0949438196129719,0.6111111111111112,1428.8,8.92,1160.34,0.77,102.75,107.6,101.4,107.3,102.8,15000.0,1.0,0.1764705882352941
아주스틸,0.8594480762139072,3.0899627364624465,0.2271140844428172,0.7083333333333334,1776.9,16.33,1160.34,0.77,102.75,107.6,101.4,107.3,102.8,104756.25,1.0,0.0863309352517984
롯데렌탈,0.9698502764784838,2.6632867045167776,0.1350766067753863,0.5769230769230769,217.63,14.65,1160.34,0.77,102.75,107.6,101.4,107.3,102.8,850898.0,-0.03,0.1132075471698113
딥노이드,0.7108831368924906,2.373264564563058,0.1382359281322032,0.6363636363636364,1179.07,7.29,1160.34,0.77,102.75,107.6,101.4,107.3,102.8,12600.0,0.71,0.1428571428571428
한컴라이프케어,1.6144336202284832,2.59335124968163,-0.0090622641093327,0.6842105263157895,418.99,3.27,1160.34,0.77,102.75,107.6,101.4,107.3,102.8,113741.8,0.17,0.1229508196721311
플래티어,0.6776509326100184,2.6007330758539604,0.5928384690642796,0.625,1631,18.29,1160.34,0.77,102.75,107.6,101.4,107.3,102.8,19800.0,1.0,0.1891891891891892
엠로,0.9857126239487076,0.8655127701386864,0.420323171664812,0.6666666666666666,685.60,6.97,1160.34,0.77,102.75,107.6,101.4,107.3,102.8,22963.95,0.45,0.0585480093676815
원티드랩,0.8976344721906275,2.203082350639129,0.1196806827933241,0.8125,1503.91,10.98,1160.34,0.77,102.75,107.6,101.4,107.3,102.8,25550.0,1.0,0.1111111111111111
에이치케이이노엔,0.872742496926715,3.30713616330375,0.2684313848028845,0.6,1871.36,13.49,1160.34,0.77,102.75,107.6,101.4,107.3,102.8,596903.0,0.15,0.0825688073394494
에브리봇,0.5559753722966017,1.436590258336567,0.1570771847673023,0.5,576.74,0.67,1143.98,0.69,102.26,107.04,104.1,107.2,103.6,41104.0,-0.1,0.0591630591630591
맥스트,1.625918982215167,2.0194940431773047,0.4753516178048455,0.625,1587.01,39.13,1143.98,0.69,102.26,107.04,104.1,107.2,103.6,15000.0,1.0,0.25
큐라클,1.1554012354752912,2.7137810913284595,0.2389326452492746,0.8636363636363636,1219.27,7.23,1143.98,0.69,102.26,107.04,104.1,107.2,103.6,53333.32,0.46,0.1111111111111111
에스디바이오센서,1.213018089856205,3.017165329276531,0.5423661864443161,0.7906976744186046,1143.76,12.45,1143.98,0.69,102.26,107.04,104.1,107.2,103.6,646994.4,0.1,0.0721649484536082
오비고,1.135536887909669,2.6045628637479408,0.1764704320790229,0.4523809523809524,1123.74 ,7.68,1143.98,0.69,102.26,107.04,104.1,107.2,103.6,31629.03,0.34,0.0711610486891385
아모센스,0.6575398146130444,2.9399333945740005,0.1751350125111534,0.7,116.79,2.57,1121.3,0.66,102.05,106.01,109.8,107.1,110.8,34470.24,-0.01,-0.1014492753623188
이노뎁,0.8480201211547271,1.5462934093633756,-0.1433539357928225,0.75,1573.93,6.05,1121.3,0.66,102.05,106.01,109.8,107.1,110.8,18900.0,0.23,0.125
라온테크,0.9294838799802916,1.6585664463441163,-0.2172824416299887,0.8571428571428571,1526.2,8.9,1121.3,0.66,102.05,106.01,109.8,107.1,110.8,9000.0,0.12,0.2587412587412587
엘비루셈,1.407002502270021,1.902359018018287,-0.0240350626835784,0.5555555555555556,1419.23,4.48,1121.3,0.66,102.05,106.01,109.8,107.1,110.8,84000.0,0.29,0.0769230769230768
에이디엠코리아,0.7412900742541151,1.422607991934698,-0.0966888507139419,0.55,1515.98,12.35,1121.3,0.66,102.05,106.01,109.8,107.1,110.8,17100.0,1.0,0.2258064516129032
제주맥주,1.193096829406191,1.4280434519277985,-0.013398806479869,0.5789473684210527,1356.43,5.47,1123.28,0.68,102.05,105.45,103.1,106.5,105.5,26758.4,0.49,0.1636363636363635
진시스템,0.6558154619724736,2.079327948131827,-0.0462386356210885,0.5,934.07,1.5,1123.28,0.68,102.05,105.45,103.1,106.5,105.5,28500.0,-0.05,0.1111111111111111
삼영에스앤씨,1.7051030802392102,2.2139050257094746,-0.1834545233808359,0.625,1762.39 ,15.27,1123.28,0.68,102.05,105.45,103.1,106.5,105.5,12155.0,1.0,0.2359550561797752
씨앤씨인터내셔널,1.1871151956175492,2.233077687235892,-0.0347058076234812,0.7727272727272727,1029.14,5.28,1123.28,0.68,102.05,105.45,103.1,106.5,105.5,70300.0,-0.01,0.1515151515151516
에이치피오,0.7411182103115972,2.052517274741976,-0.2179693402789659,0.4444444444444444,252.13,4.12,1123.28,0.68,102.05,105.45,103.1,106.5,105.5,88525.43,-0.1,-0.0672268907563025
쿠콘,0.941311148186296,1.868701638542257,0.0354373370183706,0.7222222222222222,1594.61,30.9,1119.4,0.74,101.98,104.88,103.7,105.8,102.4,72554.36,0.78,0.267605633802817
해성티피씨,1.0782574609214892,1.9492157063951367,-0.0524486668635444,0.8214285714285714,1508.95,16.05,1119.4,0.74,101.98,104.88,103.7,105.8,102.4,13000.0,1.0,0.2380952380952381
이삭엔지니어링,0.8211323817771947,2.010956319024751,0.021789675815457,0.8333333333333334,1427.15,20.73,1119.4,0.74,101.98,104.88,103.7,105.8,102.4,24150.0,1.0,0.0952380952380953
엔시스,1.0009525077033756,1.671502429777723,-0.2781060870377159,0.6,1467.73,21.73,1119.4,0.74,101.98,104.88,103.7,105.8,102.4,43700.0,1.0,0.2881355932203389
자이언트스텝,1.6519811791604333,1.9976709737707683,-0.0393677402878765,0.6666666666666666,1691.65,24.42,1131.02,0.75,101.84,103.89,108.3,105.1,100.6,15400.0,1.0,0.1
제노코,0.8100909684832467,1.4366535655895063,-0.0718284669915721,0.6666666666666666,1452.49,22.15,1131.02,0.75,101.84,103.89,108.3,105.1,100.6,17640.0,0.81,0.1999999999999999
라이프시맨틱스,1.2015994562791588,3.6552783475673727,0.461193990387637,0.7708333333333334,1402.17,3.78,1131.02,0.75,101.84,103.89,108.3,105.1,100.6,12500.0,1.0,0.1627906976744186
네오이뮨텍,0.6366309381364017,1.8204444783380345,0.2922834326399885,0.65,1374.09,25.54,1131.02,0.75,101.84,103.89,108.3,105.1,100.6,112500.0,1.0,0.271186440677966
프레스티지바이오로직스,0.2472221571263064,1.5990287759572412,0.3930736100958804,0.7407407407407407,369.91,6.5,1131.02,0.75,101.84,103.89,108.3,105.1,100.6,91140.0,-0.02,0.1753554502369667
싸이버원,1.468607627896232,1.6122553777646096,0.0203227910469706,0.375,1303.1,9.7,1131.02,0.75,101.84,103.89,108.3,105.1,100.6,12929.5,0.89,0.1949685534591194
나노씨엠에스,0.6262966155069551,1.953480481852066,0.089701257787875,0.5714285714285714,1295.75,6.65,1131.02,0.75,101.84,103.89,108.3,105.1,100.6,16000.0,0.65,0.2121212121212121
뷰노,0.9063427525088996,2.377710659644549,0.273469940807154,0.5,1457.21,23.8,1111.72,0.73,101.58,102.8,94.5,104.4,97.4,37800.0,0.57,0.2173913043478261
씨이랩,0.7183608913984281,1.4024631747215013,0.227356158970565,0.0,1371.37,12.97,1111.72,0.73,101.58,102.8,94.5,104.4,97.4,22750.0,0.33,0.2962962962962963
유일에너테크,0.4206920277312478,0.3182206036547894,0.1443982546944623,0.1666666666666666,1427.69,61.06,1111.72,0.73,101.58,102.8,94.5,104.4,97.4,38643.2,1.0,0.28
오로스테크놀로지,0.7451684240486891,2.0094655802508603,0.433358880895305,0.5,1260,37.12,1111.72,0.73,101.58,102.8,94.5,104.4,97.4,39900.0,1.0,0.1052631578947369
피엔에이치테크,2.14437096587672,2.131171984234303,-0.0834255164801933,0.6666666666666666,1454.47,9.58,1111.72,0.73,101.58,102.8,94.5,104.4,97.4,12384.0,0.14,0.1612903225806452
아이퀘스트,0.9744087088888032,2.2406826996401814,0.1568287392394841,0.7647058823529411,1504.02,18.7,1111.72,0.73,101.58,102.8,94.5,104.4,97.4,22000.0,1.0,0.1111111111111111
프레스티지바이오파마,0.7995721514381557,1.757056928429828,0.307253579340814,1.0,819.76,19.31,1111.72,0.73,101.58,102.8,94.5,104.4,97.4,490932.48,-0.1,0.1228070175438595
와이더플래닛,0.8455472436113167,1.7406605437289129,0.0120500804500237,0.6111111111111112,1449.22,9.59,1111.72,0.73,101.58,102.8,94.5,104.4,97.4,16000.0,0.56,0.1851851851851851
레인보우로보틱스,0.7486731041081587,2.035918175152664,0.2851571615890254,0.6666666666666666,1489.9,19.9,1111.72,0.73,101.58,102.8,94.5,104.4,97.4,26500.0,1.0,0.25
솔루엠,0.5539501803432563,2.3674377968151608,0.2417625060599498,1.0,1167.55,20.79,1111.72,0.73,101.58,102.8,94.5,104.4,97.4,108800.0,1.0,0.1643835616438356
핑거,0.3991004197725205,1.4706477464285117,0.4178626478815555,0.7241379310344828,1453.12,12.64,1097.49,0.68,101.04,101.96,98.0,103.9,95.3,20800.0,1.0,0.1428571428571428
씨앤투스성진,0.6380251999544475,1.5378866165077838,0.2171873043224253,0.75,1010.02,1.7,1097.49,0.68,101.04,101.96,98.0,103.9,95.3,51200.0,-0.01,0.1034482758620689
모비릭스,1.3446573388250234,2.728944729305274,0.3633677062436843,0.625,1407.53,5.73,1097.49,0.68,101.04,101.96,98.0,103.9,95.3,25200.0,1.0,0.1428571428571428
선진뷰티사이언스,0.4738661993744335,1.3250976676735204,0.0594091381722039,0.375,1431,17.83,1097.49,0.68,101.04,101.96,98.0,103.9,95.3,21102.5,1.0,0.0648148148148148
엔비티,1.1428482290756763,1.4354577149159091,0.397531491860434,0.9166666666666666,1425.3,10.7,1097.49,0.68,101.04,101.96,98.0,103.9,95.3,15808.0,1.0,0.2337662337662338
석경에이티,1.5595193375405385,1.621350081433885,0.6979808385881529,0.7272727272727273,1390.29,6.68,1095.13,0.66,100.33,100.84,113.9,103.2,91.0,10000.0,1.0,0.1111111111111111
지놈앤컴퍼니,0.5163615856319854,1.1437407301344744,0.2852366940988686,0.65625,1163.49,9.08,1095.13,0.66,100.33,100.84,113.9,103.2,91.0,80000.0,1.0,0.0526315789473683
프리시젼바이오,1.4139862670972212,1.396229956081632,0.5869971956828299,0.5833333333333334,1231.23,1.62,1095.13,0.66,100.33,100.84,113.9,103.2,91.0,18750.0,1.0,0.0869565217391303
알체라,0.6854549418333469,1.7307505447947429,0.3221834900141747,0.4615384615384615,1315.61,3.88,1095.13,0.66,100.33,100.84,113.9,103.2,91.0,20000.0,1.0,0.1111111111111111
에프앤가이드,0.8837744141922208,1.6418496897250718,0.2662015392871953,0.5,1327.98,7.6,1095.13,0.66,100.33,100.84,113.9,103.2,91.0,11383.33,1.0,0.1965811965811965
티엘비,1.2511052931985611,1.7944858982525238,0.2185116933036121,0.625,1318.82,6.1,1095.13,0.66,100.33,100.84,113.9,103.2,91.0,38000.0,1.0,0.0674157303370786
인바이오,1.120318625870664,1.7565172366667552,0.0688101415368053,0.8,1386.04,8.23,1095.13,0.66,100.33,100.84,113.9,103.2,91.0,9454.0,1.0,0.0642201834862385
퀀타매트릭스,0.9645767106663978,1.4961951683199357,0.0967292878293212,0.425,185.56,4.6,1095.13,0.66,100.33,100.84,113.9,103.2,91.0,43528.5,-0.02,0.1283185840707965
